0,"[108.0, 112.0, 116.0, 58.0, 32.0, 121.0, 111.0, 117.0, 32.0, 115.0, 104.0, 111.0, 117.0, 108.0, 100.0, 32.0, 107.0, 110.0, 111.0, 119.0, 32.0, 116.0, 104.0, 97.0, 116.0, 32.0, 97.0, 115.0, 107.0, 105.0, 110.0, 103.0, 32.0, 102.0, 111.0, 114.0, 32.0, 104.0, 101.0, 108.0, 112.0, 32.0, 97.0, 110.0, 100.0, 32.0, 97.0, 100.0, 109.0, 105.0, 116.0, 116.0, 105.0, 110.0, 103.0, 32.0, 100.0, 101.0, 102.0, 101.0, 97.0, 116.0, 32.0, 97.0, 114.0, 101.0, 32.0, 110.0, 111.0, 116.0, 32.0, 116.0, 104.0, 101.0, 32.0, 115.0, 97.0, 109.0, 101.0, 32.0, 116.0, 104.0, 105.0, 110.0, 103.0, 46.0, -1, -1, -1, -1, -1, -1, -1, -1, -1, -1, -1, -1, -1, -1, -1, -1, -1, -1, -1, -1, -1, -1, -1, -1, -1, -1, -1, -1, -1, -1, -1, -1, -1, -1, -1, -1, -1, -1, -1, -1, -1, -1, -1, -1, -1, -1, -1, -1, -1, -1, -1, -1, -1, -1, -1, -1, -1, -1, -1, -1, -1, -1, -1, -1, -1, -1, -1, -1, -1, -1, -1, -1, -1, -1, -1, -1, -1, -1, -1, -1, -1, -1, -1, -1, -1, -1, -1, -1, -1, -1, -1, -1, -1, -1, -1, -1, -1, -1, -1, -1, -1, -1, -1, -1, -1, -1, -1, -1, -1, -1, -1, -1, -1, -1, -1, -1, -1, -1, -1, -1, -1, -1, -1, -1, -1, -1, -1, -1, -1, -1, -1, -1, -1, -1, -1, -1, -1, -1, -1, -1, -1, -1, -1, -1, -1, -1, -1, -1, -1, -1, -1, -1, -1, -1, -1, -1, -1, -1, -1, -1, -1, -1, -1, -1, -1, -1, -1, -1, -1, -1, -1, -1, -1, -1, -1, -1, -1, -1, -1, -1, -1, -1, -1, -1, -1, -1, -1, -1, -1, -1, -1, -1, -1, -1, -1, -1, -1, -1, -1, -1, -1, -1, -1, -1, -1, -1, -1, -1, -1, -1, -1, -1, -1, -1, -1, -1, -1, -1, -1, -1, -1, -1, -1, -1, -1, -1]"
1,"[118.0, 105.0, 99.0, 116.0, 105.0, 109.0, 115.0, 32.0, 97.0, 114.0, 101.0, 32.0, 110.0, 111.0, 116.0, 32.0, 104.0, 101.0, 114.0, 101.0, 111.0, 115.0, -1, -1, -1, -1, -1, -1, -1, -1, -1, -1, -1, -1, -1, -1, -1, -1, -1, -1, -1, -1, -1, -1, -1, -1, -1, -1, -1, -1, -1, -1, -1, -1, -1, -1, -1, -1, -1, -1, -1, -1, -1, -1, -1, -1, -1, -1, -1, -1, -1, -1, -1, -1, -1, -1, -1, -1, -1, -1, -1, -1, -1, -1, -1, -1, -1, -1, -1, -1, -1, -1, -1, -1, -1, -1, -1, -1, -1, -1, -1, -1, -1, -1, -1, -1, -1, -1, -1, -1, -1, -1, -1, -1, -1, -1, -1, -1, -1, -1, -1, -1, -1, -1, -1, -1, -1, -1, -1, -1, -1, -1, -1, -1, -1, -1, -1, -1, -1, -1, -1, -1, -1, -1, -1, -1, -1, -1, -1, -1, -1, -1, -1, -1, -1, -1, -1, -1, -1, -1, -1, -1, -1, -1, -1, -1, -1, -1, -1, -1, -1, -1, -1, -1, -1, -1, -1, -1, -1, -1, -1, -1, -1, -1, -1, -1, -1, -1, -1, -1, -1, -1, -1, -1, -1, -1, -1, -1, -1, -1, -1, -1, -1, -1, -1, -1, -1, -1, -1, -1, -1, -1, -1, -1, -1, -1, -1, -1, -1, -1, -1, -1, -1, -1, -1, -1, -1, -1, -1, -1, -1, -1, -1, -1, -1, -1, -1, -1, -1, -1, -1, -1, -1, -1, -1, -1, -1, -1, -1, -1, -1, -1, -1, -1, -1, -1, -1, -1, -1, -1, -1, -1, -1, -1, -1, -1, -1, -1, -1, -1, -1, -1, -1, -1, -1, -1, -1, -1, -1, -1, -1, -1, -1, -1, -1, -1, -1, -1, -1, -1, -1, -1, -1, -1, -1, -1, -1, -1, -1, -1, -1, -1, -1, -1, -1, -1, -1, -1, -1, -1, -1, -1]"
2,"[99.0, 117.0, 99.0, 99.0, 105.0, 110.0, 101.0, 108.0, 108.0, 105.0, 32.0, 97.0, 110.0, 100.0, 32.0, 97.0, 108.0, 98.0, 101.0, 110.0, 99.0, 101.0, 32.0, 97.0, 103.0, 114.0, 101.0, 101.0, 32.0, 116.0, 111.0, 32.0, 116.0, 101.0, 115.0, 116.0, 105.0, 102.0, 121.0, 32.0, 110.0, 101.0, 120.0, 116.0, 32.0, 119.0, 101.0, 101.0, 107.0, 32.0, 111.0, 110.0, 32.0, 105.0, 110.0, 104.0, 117.0, 109.0, 97.0, 110.0, 101.0, 32.0, 112.0, 111.0, 108.0, 105.0, 99.0, 121.0, 32.0, 111.0, 102.0, 32.0, 100.0, 101.0, 112.0, 111.0, 114.0, 116.0, 105.0, 110.0, 103.0, 32.0, 99.0, 114.0, 105.0, 116.0, 105.0, 99.0, 97.0, 108.0, 108.0, 121.0, 32.0, 105.0, 108.0, 108.0, 32.0, 99.0, 104.0, 105.0, 108.0, 100.0, 114.0, 101.0, 110.0, -1, -1, -1, -1, -1, -1, -1, -1, -1, -1, -1, -1, -1, -1, -1, -1, -1, -1, -1, -1, -1, -1, -1, -1, -1, -1, -1, -1, -1, -1, -1, -1, -1, -1, -1, -1, -1, -1, -1, -1, -1, -1, -1, -1, -1, -1, -1, -1, -1, -1, -1, -1, -1, -1, -1, -1, -1, -1, -1, -1, -1, -1, -1, -1, -1, -1, -1, -1, -1, -1, -1, -1, -1, -1, -1, -1, -1, -1, -1, -1, -1, -1, -1, -1, -1, -1, -1, -1, -1, -1, -1, -1, -1, -1, -1, -1, -1, -1, -1, -1, -1, -1, -1, -1, -1, -1, -1, -1, -1, -1, -1, -1, -1, -1, -1, -1, -1, -1, -1, -1, -1, -1, -1, -1, -1, -1, -1, -1, -1, -1, -1, -1, -1, -1, -1, -1, -1, -1, -1, -1, -1, -1, -1, -1, -1, -1, -1, -1, -1, -1, -1, -1, -1, -1, -1, -1, -1, -1, -1, -1, -1, -1, -1, -1, -1, -1, -1, -1, -1, -1, -1, -1, -1, -1, -1, -1, -1, -1, -1, -1, -1, -1, -1, -1, -1, -1, -1, -1, -1, -1, -1, -1, -1, -1, -1, -1, -1, -1, -1, -1, -1, -1, -1, -1, -1, -1, -1]"
3,"[108.0, 112.0, 116.0, 58.0, 32.0, 97.0, 102.0, 116.0, 101.0, 114.0, 32.0, 121.0, 111.0, 117.0, 32.0, 117.0, 110.0, 108.0, 111.0, 97.0, 100.0, 32.0, 121.0, 111.0, 117.0, 114.0, 32.0, 103.0, 114.0, 111.0, 99.0, 101.0, 114.0, 105.0, 101.0, 115.0, 44.0, 32.0, 100.0, 111.0, 110.0, -1.0, 116.0, 32.0, 112.0, 97.0, 114.0, 107.0, 32.0, 121.0, 111.0, 117.0, 114.0, 32.0, 115.0, 104.0, 111.0, 112.0, 112.0, 105.0, 110.0, 103.0, 32.0, 99.0, 97.0, 114.0, 116.0, 32.0, -1.0, 111.0, 117.0, 116.0, 32.0, 111.0, 102.0, 32.0, 116.0, 104.0, 101.0, 32.0, 119.0, 97.0, 121.0, -1.0, 32.0, 105.0, 110.0, 32.0, 116.0, 104.0, 101.0, 32.0, 98.0, 108.0, 117.0, 101.0, 32.0, 112.0, 97.0, 105.0, 110.0, 116.0, 101.0, 100.0, 32.0, 115.0, 116.0, 114.0, 105.0, 112.0, 101.0, 100.0, 32.0, 97.0, 114.0, 101.0, 97.0, 115.0, 32.0, 97.0, 114.0, 111.0, 117.0, 110.0, 100.0, 32.0, 104.0, 97.0, 110.0, 100.0, 105.0, 99.0, 97.0, 112.0, 112.0, 101.0, 100.0, 32.0, 115.0, 112.0, 97.0, 99.0, 101.0, 115.0, 46.0, 32.0, 116.0, 104.0, 101.0, 115.0, 101.0, 32.0, 97.0, 114.0, 101.0, 97.0, 115.0, 32.0, 97.0, 114.0, 101.0, 32.0, 112.0, 97.0, 105.0, 110.0, 116.0, 101.0, 100.0, 32.0, 116.0, 104.0, 105.0, 115.0, 32.0, 119.0, 97.0, 121.0, 32.0, 98.0, 101.0, 99.0, 97.0, 117.0, 115.0, 101.0, 32.0, 115.0, 111.0, 109.0, 101.0, 32.0, 100.0, 105.0, 115.0, 97.0, 98.0, 108.0, 101.0, 100.0, 32.0, 112.0, 97.0, 116.0, 114.0, 111.0, 110.0, 115.0, 32.0, 110.0, 101.0, 101.0, 100.0, 32.0, 116.0, 104.0, 101.0, 32.0, 101.0, 120.0, 116.0, 114.0, 97.0, 32.0, 115.0, 112.0, 97.0, 99.0, 101.0, 32.0, 102.0, 111.0, 114.0, 32.0, 101.0, 110.0, 116.0, 114.0, 121.0, 47.0, 101.0, 120.0, 105.0, 116.0, 32.0, 111.0, 102.0, 32.0, 116.0, 104.0, 101.0, 105.0, 114.0, 32.0, 118.0, 101.0, 104.0, 105.0, 99.0, 108.0, 101.0, 115.0, 46.0, -1, -1, -1, -1, -1, -1, -1, -1, -1, -1, -1, -1, -1, -1, -1, -1, -1, -1, -1, -1, -1, -1, -1, -1, -1, -1, -1, -1, -1, -1, -1, -1, -1, -1, -1, -1, -1, -1, -1, -1, -1, -1, -1, -1, -1, -1, -1, -1, -1]"
4,"[104.0, 101.0, 108.0, 112.0, 33.0, 32.0, 98.0, 111.0, 117.0, 103.0, 104.0, 116.0, 32.0, 97.0, 32.0, 104.0, 111.0, 117.0, 115.0, 101.0, 32.0, 50.0, 32.0, 109.0, 111.0, 110.0, 116.0, 104.0, 115.0, 32.0, 97.0, 103.0, 111.0, 32.0, 105.0, 110.0, 32.0, 112.0, 111.0, 114.0, 116.0, 108.0, 97.0, 110.0, 100.0, 44.0, 32.0, 111.0, 114.0, 46.0, 32.0, 115.0, 116.0, 97.0, 114.0, 116.0, 101.0, 100.0, 32.0, 114.0, 97.0, 107.0, 105.0, 110.0, 103.0, 32.0, 116.0, 104.0, 101.0, 32.0, 98.0, 97.0, 99.0, 107.0, 121.0, 97.0, 114.0, 100.0, 32.0, 97.0, 110.0, 100.0, 32.0, 102.0, 111.0, 117.0, 110.0, 100.0, 32.0, 108.0, 97.0, 114.0, 103.0, 101.0, 32.0, 100.0, 101.0, 98.0, 114.0, 105.0, 115.0, 32.0, 97.0, 108.0, 108.0, 32.0, 111.0, 118.0, 101.0, 114.0, 32.0, 116.0, 104.0, 97.0, 116.0, 32.0, 116.0, 104.0, 101.0, 32.0, 115.0, 101.0, 108.0, 108.0, 101.0, 114.0, 32.0, 118.0, 101.0, 114.0, 121.0, 32.0, 108.0, 105.0, 107.0, 101.0, 108.0, 121.0, 32.0, 99.0, 111.0, 118.0, 101.0, 114.0, 101.0, 100.0, 32.0, 119.0, 105.0, 116.0, 104.0, 32.0, 109.0, 117.0, 108.0, 99.0, 104.0, 46.0, 32.0, 97.0, 109.0, 32.0, 105.0, 32.0, 115.0, 111.0, 108.0, 32.0, 111.0, 114.0, 32.0, 99.0, 97.0, 110.0, 32.0, 116.0, 104.0, 101.0, 32.0, 115.0, 101.0, 108.0, 108.0, 101.0, 114.0, 32.0, 115.0, 116.0, 105.0, 108.0, 108.0, 32.0, 98.0, 101.0, 32.0, 108.0, 105.0, 97.0, 98.0, 108.0, 101.0, 63.0, 33.0, -1, -1, -1, -1, -1, -1, -1, -1, -1, -1, -1, -1, -1, -1, -1, -1, -1, -1, -1, -1, -1, -1, -1, -1, -1, -1, -1, -1, -1, -1, -1, -1, -1, -1, -1, -1, -1, -1, -1, -1, -1, -1, -1, -1, -1, -1, -1, -1, -1, -1, -1, -1, -1, -1, -1, -1, -1, -1, -1, -1, -1, -1, -1, -1, -1, -1, -1, -1, -1, -1, -1, -1, -1, -1, -1, -1, -1, -1, -1, -1, -1, -1, -1, -1, -1, -1, -1, -1, -1, -1, -1, -1, -1, -1, -1, -1, -1, -1, -1, -1, -1, -1, -1, -1, -1, -1, -1, -1, -1]"
5,"[108.0, 112.0, 116.0, 58.0, 32.0, 104.0, 97.0, 118.0, 101.0, 32.0, 97.0, 32.0, 102.0, 114.0, 105.0, 101.0, 110.0, 100.0, 32.0, 116.0, 104.0, 97.0, 116.0, 32.0, 107.0, 101.0, 101.0, 112.0, 115.0, 32.0, 98.0, 97.0, 105.0, 108.0, 105.0, 110.0, 103.0, 32.0, 111.0, 110.0, 32.0, 121.0, 111.0, 117.0, 114.0, 32.0, 105.0, 110.0, 118.0, 105.0, 116.0, 101.0, 115.0, 32.0, 116.0, 111.0, 32.0, 103.0, 111.0, 32.0, 97.0, 110.0, 100.0, 32.0, 101.0, 97.0, 116.0, 32.0, 111.0, 117.0, 116.0, 32.0, 116.0, 111.0, 103.0, 101.0, 116.0, 104.0, 101.0, 114.0, 63.0, 32.0, 97.0, 115.0, 107.0, 32.0, 105.0, 102.0, 32.0, 116.0, 104.0, 101.0, 121.0, -1.0, 100.0, 32.0, 108.0, 105.0, 107.0, 101.0, 32.0, 116.0, 111.0, 32.0, 104.0, 97.0, 110.0, 103.0, 32.0, 111.0, 117.0, 116.0, 32.0, 98.0, 121.0, 32.0, 100.0, 111.0, 105.0, 110.0, 103.0, 32.0, 115.0, 111.0, 109.0, 101.0, 116.0, 104.0, 105.0, 110.0, 103.0, 32.0, 116.0, 104.0, 97.0, 116.0, 32.0, 119.0, 111.0, 110.0, -1.0, 116.0, 32.0, 99.0, 111.0, 115.0, 116.0, 32.0, 109.0, 111.0, 110.0, 101.0, 121.0, 32.0, 97.0, 115.0, 32.0, 116.0, 104.0, 101.0, 121.0, 32.0, 109.0, 105.0, 103.0, 104.0, 116.0, 32.0, 98.0, 101.0, 32.0, 100.0, 101.0, 99.0, 108.0, 105.0, 110.0, 105.0, 110.0, 103.0, 32.0, 98.0, 101.0, 99.0, 97.0, 117.0, 115.0, 101.0, 32.0, 116.0, 104.0, 101.0, 121.0, 32.0, 99.0, 97.0, 110.0, -1.0, 116.0, 32.0, 97.0, 102.0, 102.0, 111.0, 114.0, 100.0, 32.0, 105.0, 116.0, 46.0, -1, -1, -1, -1, -1, -1, -1, -1, -1, -1, -1, -1, -1, -1, -1, -1, -1, -1, -1, -1, -1, -1, -1, -1, -1, -1, -1, -1, -1, -1, -1, -1, -1, -1, -1, -1, -1, -1, -1, -1, -1, -1, -1, -1, -1, -1, -1, -1, -1, -1, -1, -1, -1, -1, -1, -1, -1, -1, -1, -1, -1, -1, -1, -1, -1, -1, -1, -1, -1, -1, -1, -1, -1, -1, -1, -1, -1, -1, -1, -1, -1, -1, -1, -1, -1, -1, -1, -1, -1, -1, -1, -1, -1, -1, -1, -1, -1, -1, -1, -1, -1, -1]"
6,"[105.0, 102.0, 32.0, 121.0, 111.0, 117.0, 32.0, 99.0, 97.0, 110.0, 110.0, 111.0, 116.0, 32.0, 107.0, 101.0, 101.0, 112.0, 32.0, 121.0, 111.0, 117.0, 114.0, 32.0, 112.0, 101.0, 114.0, 115.0, 111.0, 110.0, 97.0, 108.0, 32.0, 112.0, 111.0, 108.0, 105.0, 116.0, 105.0, 99.0, 97.0, 108.0, 44.0, 32.0, 114.0, 101.0, 108.0, 105.0, 103.0, 105.0, 111.0, 117.0, 115.0, 32.0, 111.0, 114.0, 32.0, 115.0, 111.0, 99.0, 105.0, 97.0, 108.0, 32.0, 98.0, 101.0, 108.0, 105.0, 101.0, 102.0, 115.0, 32.0, 111.0, 117.0, 116.0, 32.0, 111.0, 102.0, 32.0, 116.0, 104.0, 101.0, 32.0, 99.0, 108.0, 97.0, 115.0, 115.0, 114.0, 111.0, 111.0, 109.0, 32.0, 121.0, 111.0, 117.0, 32.0, 104.0, 97.0, 118.0, 101.0, 32.0, 110.0, 111.0, 32.0, 112.0, 108.0, 97.0, 99.0, 101.0, 32.0, 98.0, 101.0, 105.0, 110.0, 103.0, 32.0, 97.0, 32.0, 116.0, 101.0, 97.0, 99.0, 104.0, 101.0, 114.0, -1, -1, -1, -1, -1, -1, -1, -1, -1, -1, -1, -1, -1, -1, -1, -1, -1, -1, -1, -1, -1, -1, -1, -1, -1, -1, -1, -1, -1, -1, -1, -1, -1, -1, -1, -1, -1, -1, -1, -1, -1, -1, -1, -1, -1, -1, -1, -1, -1, -1, -1, -1, -1, -1, -1, -1, -1, -1, -1, -1, -1, -1, -1, -1, -1, -1, -1, -1, -1, -1, -1, -1, -1, -1, -1, -1, -1, -1, -1, -1, -1, -1, -1, -1, -1, -1, -1, -1, -1, -1, -1, -1, -1, -1, -1, -1, -1, -1, -1, -1, -1, -1, -1, -1, -1, -1, -1, -1, -1, -1, -1, -1, -1, -1, -1, -1, -1, -1, -1, -1, -1, -1, -1, -1, -1, -1, -1, -1, -1, -1, -1, -1, -1, -1, -1, -1, -1, -1, -1, -1, -1, -1, -1, -1, -1, -1, -1, -1, -1, -1, -1, -1, -1, -1, -1, -1, -1, -1, -1, -1, -1, -1, -1, -1, -1, -1, -1, -1, -1, -1, -1, -1, -1, -1, -1, -1, -1, -1, -1, -1, -1, -1, -1, -1, -1, -1]"
7,"[121.0, 111.0, 117.0, 32.0, 100.0, 111.0, 32.0, 110.0, 111.0, 116.0, 32.0, 104.0, 97.0, 118.0, 101.0, 32.0, 97.0, 32.0, 114.0, 105.0, 103.0, 104.0, 116.0, 32.0, 97.0, 115.0, 32.0, 97.0, 32.0, 99.0, 111.0, 110.0, 115.0, 117.0, 109.0, 101.0, 114.0, 32.0, 116.0, 111.0, 32.0, 115.0, 116.0, 97.0, 121.0, 32.0, 108.0, 111.0, 110.0, 103.0, 32.0, 97.0, 102.0, 116.0, 101.0, 114.0, 32.0, 99.0, 108.0, 111.0, 115.0, 101.0, 32.0, 105.0, 110.0, 32.0, 97.0, 32.0, 114.0, 101.0, 115.0, 116.0, 97.0, 117.0, 114.0, 97.0, 110.0, 116.0, 46.0, 32.0, 116.0, 104.0, 101.0, 32.0, 115.0, 116.0, 97.0, 102.0, 102.0, 32.0, 104.0, 97.0, 118.0, 101.0, 32.0, 108.0, 105.0, 118.0, 101.0, 115.0, 32.0, 116.0, 111.0, 111.0, 46.0, -1, -1, -1, -1, -1, -1, -1, -1, -1, -1, -1, -1, -1, -1, -1, -1, -1, -1, -1, -1, -1, -1, -1, -1, -1, -1, -1, -1, -1, -1, -1, -1, -1, -1, -1, -1, -1, -1, -1, -1, -1, -1, -1, -1, -1, -1, -1, -1, -1, -1, -1, -1, -1, -1, -1, -1, -1, -1, -1, -1, -1, -1, -1, -1, -1, -1, -1, -1, -1, -1, -1, -1, -1, -1, -1, -1, -1, -1, -1, -1, -1, -1, -1, -1, -1, -1, -1, -1, -1, -1, -1, -1, -1, -1, -1, -1, -1, -1, -1, -1, -1, -1, -1, -1, -1, -1, -1, -1, -1, -1, -1, -1, -1, -1, -1, -1, -1, -1, -1, -1, -1, -1, -1, -1, -1, -1, -1, -1, -1, -1, -1, -1, -1, -1, -1, -1, -1, -1, -1, -1, -1, -1, -1, -1, -1, -1, -1, -1, -1, -1, -1, -1, -1, -1, -1, -1, -1, -1, -1, -1, -1, -1, -1, -1, -1, -1, -1, -1, -1, -1, -1, -1, -1, -1, -1, -1, -1, -1, -1, -1, -1, -1, -1, -1, -1, -1, -1, -1, -1, -1, -1, -1, -1, -1, -1, -1, -1, -1, -1, -1, -1, -1, -1, -1, -1, -1, -1]"
8,"[114.0, 105.0, 112.0, 32.0, 98.0, 101.0, 116.0, 111.0, 115.0, 32.0, 99.0, 97.0, 114.0, 101.0, 101.0, 114.0, -1, -1, -1, -1, -1, -1, -1, -1, -1, -1, -1, -1, -1, -1, -1, -1, -1, -1, -1, -1, -1, -1, -1, -1, -1, -1, -1, -1, -1, -1, -1, -1, -1, -1, -1, -1, -1, -1, -1, -1, -1, -1, -1, -1, -1, -1, -1, -1, -1, -1, -1, -1, -1, -1, -1, -1, -1, -1, -1, -1, -1, -1, -1, -1, -1, -1, -1, -1, -1, -1, -1, -1, -1, -1, -1, -1, -1, -1, -1, -1, -1, -1, -1, -1, -1, -1, -1, -1, -1, -1, -1, -1, -1, -1, -1, -1, -1, -1, -1, -1, -1, -1, -1, -1, -1, -1, -1, -1, -1, -1, -1, -1, -1, -1, -1, -1, -1, -1, -1, -1, -1, -1, -1, -1, -1, -1, -1, -1, -1, -1, -1, -1, -1, -1, -1, -1, -1, -1, -1, -1, -1, -1, -1, -1, -1, -1, -1, -1, -1, -1, -1, -1, -1, -1, -1, -1, -1, -1, -1, -1, -1, -1, -1, -1, -1, -1, -1, -1, -1, -1, -1, -1, -1, -1, -1, -1, -1, -1, -1, -1, -1, -1, -1, -1, -1, -1, -1, -1, -1, -1, -1, -1, -1, -1, -1, -1, -1, -1, -1, -1, -1, -1, -1, -1, -1, -1, -1, -1, -1, -1, -1, -1, -1, -1, -1, -1, -1, -1, -1, -1, -1, -1, -1, -1, -1, -1, -1, -1, -1, -1, -1, -1, -1, -1, -1, -1, -1, -1, -1, -1, -1, -1, -1, -1, -1, -1, -1, -1, -1, -1, -1, -1, -1, -1, -1, -1, -1, -1, -1, -1, -1, -1, -1, -1, -1, -1, -1, -1, -1, -1, -1, -1, -1, -1, -1, -1, -1, -1, -1, -1, -1, -1, -1, -1, -1, -1, -1, -1, -1, -1, -1, -1, -1, -1, -1, -1]"
9,"[97.0, 105.0, 116.0, 97.0, 32.0, 109.0, 121.0, 32.0, 119.0, 105.0, 102.0, 101.0, 32.0, 100.0, 111.0, 101.0, 115.0, 32.0, 110.0, 111.0, 116.0, 32.0, 119.0, 97.0, 110.0, 116.0, 32.0, 109.0, 121.0, 32.0, 102.0, 97.0, 109.0, 105.0, 108.0, 121.0, 32.0, 105.0, 110.0, 32.0, 104.0, 111.0, 115.0, 112.0, 105.0, 116.0, 97.0, 108.0, 32.0, 119.0, 104.0, 101.0, 110.0, 32.0, 115.0, 104.0, 101.0, 32.0, 105.0, 115.0, 32.0, 105.0, 110.0, 32.0, 108.0, 97.0, 98.0, 111.0, 117.0, 114.0, 46.0, -1, -1, -1, -1, -1, -1, -1, -1, -1, -1, -1, -1, -1, -1, -1, -1, -1, -1, -1, -1, -1, -1, -1, -1, -1, -1, -1, -1, -1, -1, -1, -1, -1, -1, -1, -1, -1, -1, -1, -1, -1, -1, -1, -1, -1, -1, -1, -1, -1, -1, -1, -1, -1, -1, -1, -1, -1, -1, -1, -1, -1, -1, -1, -1, -1, -1, -1, -1, -1, -1, -1, -1, -1, -1, -1, -1, -1, -1, -1, -1, -1, -1, -1, -1, -1, -1, -1, -1, -1, -1, -1, -1, -1, -1, -1, -1, -1, -1, -1, -1, -1, -1, -1, -1, -1, -1, -1, -1, -1, -1, -1, -1, -1, -1, -1, -1, -1, -1, -1, -1, -1, -1, -1, -1, -1, -1, -1, -1, -1, -1, -1, -1, -1, -1, -1, -1, -1, -1, -1, -1, -1, -1, -1, -1, -1, -1, -1, -1, -1, -1, -1, -1, -1, -1, -1, -1, -1, -1, -1, -1, -1, -1, -1, -1, -1, -1, -1, -1, -1, -1, -1, -1, -1, -1, -1, -1, -1, -1, -1, -1, -1, -1, -1, -1, -1, -1, -1, -1, -1, -1, -1, -1, -1, -1, -1, -1, -1, -1, -1, -1, -1, -1, -1, -1, -1, -1, -1, -1, -1, -1, -1, -1, -1, -1, -1, -1, -1, -1, -1, -1, -1, -1, -1, -1, -1, -1, -1, -1, -1, -1, -1, -1, -1, -1, -1, -1, -1, -1, -1, -1, -1]"
10,"[109.0, 101.0, 110.0, 44.0, 32.0, 104.0, 111.0, 119.0, 32.0, 100.0, 111.0, 32.0, 121.0, 111.0, 117.0, 32.0, 100.0, 101.0, 97.0, 108.0, 32.0, 119.0, 105.0, 116.0, 104.0, 32.0, 116.0, 104.0, 101.0, 32.0, 97.0, 110.0, 120.0, 105.0, 101.0, 116.0, 121.0, 44.0, 32.0, 108.0, 111.0, 110.0, 101.0, 108.0, 105.0, 110.0, 101.0, 115.0, 115.0, 44.0, 32.0, 97.0, 110.0, 100.0, 32.0, 106.0, 117.0, 115.0, 116.0, 32.0, 119.0, 111.0, 110.0, 100.0, 101.0, 114.0, 105.0, 110.0, 103.0, 32.0, 119.0, 104.0, 97.0, 116.0, 32.0, 115.0, 104.0, 101.0, 32.0, 105.0, 115.0, 32.0, 117.0, 112.0, 32.0, 116.0, 111.0, 32.0, 97.0, 102.0, 116.0, 101.0, 114.0, 32.0, 97.0, 32.0, 98.0, 114.0, 101.0, 97.0, 107.0, 117.0, 112.0, 63.0, -1, -1, -1, -1, -1, -1, -1, -1, -1, -1, -1, -1, -1, -1, -1, -1, -1, -1, -1, -1, -1, -1, -1, -1, -1, -1, -1, -1, -1, -1, -1, -1, -1, -1, -1, -1, -1, -1, -1, -1, -1, -1, -1, -1, -1, -1, -1, -1, -1, -1, -1, -1, -1, -1, -1, -1, -1, -1, -1, -1, -1, -1, -1, -1, -1, -1, -1, -1, -1, -1, -1, -1, -1, -1, -1, -1, -1, -1, -1, -1, -1, -1, -1, -1, -1, -1, -1, -1, -1, -1, -1, -1, -1, -1, -1, -1, -1, -1, -1, -1, -1, -1, -1, -1, -1, -1, -1, -1, -1, -1, -1, -1, -1, -1, -1, -1, -1, -1, -1, -1, -1, -1, -1, -1, -1, -1, -1, -1, -1, -1, -1, -1, -1, -1, -1, -1, -1, -1, -1, -1, -1, -1, -1, -1, -1, -1, -1, -1, -1, -1, -1, -1, -1, -1, -1, -1, -1, -1, -1, -1, -1, -1, -1, -1, -1, -1, -1, -1, -1, -1, -1, -1, -1, -1, -1, -1, -1, -1, -1, -1, -1, -1, -1, -1, -1, -1, -1, -1, -1, -1, -1, -1, -1, -1, -1, -1, -1, -1, -1, -1, -1, -1, -1, -1, -1, -1, -1, -1]"
11,"[97.0, 103.0, 114.0, 101.0, 101.0, 32.0, 111.0, 114.0, 32.0, 100.0, 105.0, 115.0, 97.0, 103.0, 114.0, 101.0, 101.0, 63.0, 32.0, -1.0, -1, -1, -1, -1, -1, -1, -1, -1, -1, -1, -1, -1, -1, -1, -1, -1, -1, -1, -1, -1, -1, -1, -1, -1, -1, -1, -1, -1, -1, -1, -1, -1, -1, -1, -1, -1, -1, -1, -1, -1, -1, -1, -1, -1, -1, -1, -1, -1, -1, -1, -1, -1, -1, -1, -1, -1, -1, -1, -1, -1, -1, -1, -1, -1, -1, -1, -1, -1, -1, -1, -1, -1, -1, -1, -1, -1, -1, -1, -1, -1, -1, -1, -1, -1, -1, -1, -1, -1, -1, -1, -1, -1, -1, -1, -1, -1, -1, -1, -1, -1, -1, -1, -1, -1, -1, -1, -1, -1, -1, -1, -1, -1, -1, -1, -1, -1, -1, -1, -1, -1, -1, -1, -1, -1, -1, -1, -1, -1, -1, -1, -1, -1, -1, -1, -1, -1, -1, -1, -1, -1, -1, -1, -1, -1, -1, -1, -1, -1, -1, -1, -1, -1, -1, -1, -1, -1, -1, -1, -1, -1, -1, -1, -1, -1, -1, -1, -1, -1, -1, -1, -1, -1, -1, -1, -1, -1, -1, -1, -1, -1, -1, -1, -1, -1, -1, -1, -1, -1, -1, -1, -1, -1, -1, -1, -1, -1, -1, -1, -1, -1, -1, -1, -1, -1, -1, -1, -1, -1, -1, -1, -1, -1, -1, -1, -1, -1, -1, -1, -1, -1, -1, -1, -1, -1, -1, -1, -1, -1, -1, -1, -1, -1, -1, -1, -1, -1, -1, -1, -1, -1, -1, -1, -1, -1, -1, -1, -1, -1, -1, -1, -1, -1, -1, -1, -1, -1, -1, -1, -1, -1, -1, -1, -1, -1, -1, -1, -1, -1, -1, -1, -1, -1, -1, -1, -1, -1, -1, -1, -1, -1, -1, -1, -1, -1, -1, -1, -1, -1, -1, -1, -1, -1]"
12,"[101.0, 108.0, 105.0, 53.0, 32.0, 119.0, 104.0, 121.0, 32.0, 97.0, 32.0, 116.0, 117.0, 98.0, 97.0, 108.0, 32.0, 108.0, 105.0, 103.0, 97.0, 116.0, 105.0, 111.0, 110.0, 32.0, 40.0, 103.0, 101.0, 116.0, 116.0, 105.0, 110.0, 103.0, 32.0, 104.0, 101.0, 114.0, 32.0, 116.0, 117.0, 98.0, 101.0, 115.0, 32.0, 116.0, 105.0, 101.0, 100.0, 41.0, 32.0, 105.0, 115.0, 32.0, 49.0, 48.0, 48.0, 37.0, 32.0, 99.0, 111.0, 118.0, 101.0, 114.0, 101.0, 100.0, 32.0, 98.0, 121.0, 32.0, 109.0, 121.0, 32.0, 105.0, 110.0, 115.0, 117.0, 114.0, 97.0, 110.0, 99.0, 101.0, 44.0, 32.0, 98.0, 117.0, 116.0, 32.0, 97.0, 32.0, 118.0, 97.0, 115.0, 101.0, 99.0, 116.0, 111.0, 109.0, 121.0, 32.0, 99.0, 111.0, 109.0, 101.0, 115.0, 32.0, 111.0, 117.0, 116.0, 32.0, 111.0, 102.0, 32.0, 112.0, 111.0, 99.0, 107.0, 101.0, 116.0, 32.0, 117.0, 110.0, 116.0, 105.0, 108.0, 32.0, 109.0, 121.0, 32.0, 100.0, 101.0, 100.0, 117.0, 99.0, 116.0, 105.0, 98.0, 108.0, 101.0, 32.0, 105.0, 115.0, 32.0, 109.0, 101.0, 116.0, 63.0, -1, -1, -1, -1, -1, -1, -1, -1, -1, -1, -1, -1, -1, -1, -1, -1, -1, -1, -1, -1, -1, -1, -1, -1, -1, -1, -1, -1, -1, -1, -1, -1, -1, -1, -1, -1, -1, -1, -1, -1, -1, -1, -1, -1, -1, -1, -1, -1, -1, -1, -1, -1, -1, -1, -1, -1, -1, -1, -1, -1, -1, -1, -1, -1, -1, -1, -1, -1, -1, -1, -1, -1, -1, -1, -1, -1, -1, -1, -1, -1, -1, -1, -1, -1, -1, -1, -1, -1, -1, -1, -1, -1, -1, -1, -1, -1, -1, -1, -1, -1, -1, -1, -1, -1, -1, -1, -1, -1, -1, -1, -1, -1, -1, -1, -1, -1, -1, -1, -1, -1, -1, -1, -1, -1, -1, -1, -1, -1, -1, -1, -1, -1, -1, -1, -1, -1, -1, -1, -1, -1, -1, -1, -1, -1, -1, -1, -1, -1, -1, -1, -1, -1, -1, -1, -1, -1, -1, -1, -1, -1, -1, -1, -1, -1, -1]"
13,"[116.0, 114.0, 117.0, 109.0, 112.0, 32.0, 97.0, 100.0, 109.0, 105.0, 110.0, 105.0, 115.0, 116.0, 114.0, 97.0, 116.0, 105.0, 111.0, 110.0, 32.0, 100.0, 114.0, 111.0, 112.0, 115.0, 32.0, 112.0, 108.0, 97.0, 110.0, 32.0, 116.0, 111.0, 32.0, 99.0, 114.0, 97.0, 99.0, 107.0, 32.0, 100.0, 111.0, 119.0, 110.0, 32.0, 111.0, 110.0, 32.0, 100.0, 46.0, 99.0, 46.0, 32.0, 112.0, 114.0, 111.0, 116.0, 101.0, 115.0, 116.0, 115.0, -1, -1, -1, -1, -1, -1, -1, -1, -1, -1, -1, -1, -1, -1, -1, -1, -1, -1, -1, -1, -1, -1, -1, -1, -1, -1, -1, -1, -1, -1, -1, -1, -1, -1, -1, -1, -1, -1, -1, -1, -1, -1, -1, -1, -1, -1, -1, -1, -1, -1, -1, -1, -1, -1, -1, -1, -1, -1, -1, -1, -1, -1, -1, -1, -1, -1, -1, -1, -1, -1, -1, -1, -1, -1, -1, -1, -1, -1, -1, -1, -1, -1, -1, -1, -1, -1, -1, -1, -1, -1, -1, -1, -1, -1, -1, -1, -1, -1, -1, -1, -1, -1, -1, -1, -1, -1, -1, -1, -1, -1, -1, -1, -1, -1, -1, -1, -1, -1, -1, -1, -1, -1, -1, -1, -1, -1, -1, -1, -1, -1, -1, -1, -1, -1, -1, -1, -1, -1, -1, -1, -1, -1, -1, -1, -1, -1, -1, -1, -1, -1, -1, -1, -1, -1, -1, -1, -1, -1, -1, -1, -1, -1, -1, -1, -1, -1, -1, -1, -1, -1, -1, -1, -1, -1, -1, -1, -1, -1, -1, -1, -1, -1, -1, -1, -1, -1, -1, -1, -1, -1, -1, -1, -1, -1, -1, -1, -1, -1, -1, -1, -1, -1, -1, -1, -1, -1, -1, -1, -1, -1, -1, -1, -1, -1, -1, -1, -1, -1, -1, -1, -1, -1, -1, -1, -1, -1, -1, -1, -1, -1, -1, -1, -1, -1, -1, -1, -1, -1, -1, -1, -1, -1, -1, -1, -1, -1, -1, -1, -1, -1]"
14,"[106.0, 111.0, 115.0, 104.0, 32.0, 106.0, 97.0, 99.0, 111.0, 98.0, 115.0, 32.0, 116.0, 119.0, 101.0, 101.0, 116.0, 115.0, 32.0, -1.0, 99.0, 111.0, 109.0, 101.0, 32.0, 116.0, 111.0, 32.0, 116.0, 104.0, 101.0, 32.0, 115.0, 111.0, 117.0, 114.0, 99.0, 101.0, -1.0, 32.0, 97.0, 102.0, 116.0, 101.0, 114.0, 32.0, 104.0, 101.0, 97.0, 100.0, 108.0, 105.0, 110.0, 101.0, 115.0, 32.0, 115.0, 116.0, 97.0, 116.0, 101.0, 32.0, 104.0, 101.0, 32.0, 104.0, 97.0, 115.0, 32.0, 97.0, 32.0, -1.0, 108.0, 101.0, 103.0, 105.0, 116.0, 105.0, 109.0, 97.0, 116.0, 101.0, -1.0, 32.0, 115.0, 104.0, 111.0, 117.0, 108.0, 100.0, 101.0, 114.0, 32.0, 105.0, 110.0, 106.0, 117.0, 114.0, 121.0, 46.0, -1, -1, -1, -1, -1, -1, -1, -1, -1, -1, -1, -1, -1, -1, -1, -1, -1, -1, -1, -1, -1, -1, -1, -1, -1, -1, -1, -1, -1, -1, -1, -1, -1, -1, -1, -1, -1, -1, -1, -1, -1, -1, -1, -1, -1, -1, -1, -1, -1, -1, -1, -1, -1, -1, -1, -1, -1, -1, -1, -1, -1, -1, -1, -1, -1, -1, -1, -1, -1, -1, -1, -1, -1, -1, -1, -1, -1, -1, -1, -1, -1, -1, -1, -1, -1, -1, -1, -1, -1, -1, -1, -1, -1, -1, -1, -1, -1, -1, -1, -1, -1, -1, -1, -1, -1, -1, -1, -1, -1, -1, -1, -1, -1, -1, -1, -1, -1, -1, -1, -1, -1, -1, -1, -1, -1, -1, -1, -1, -1, -1, -1, -1, -1, -1, -1, -1, -1, -1, -1, -1, -1, -1, -1, -1, -1, -1, -1, -1, -1, -1, -1, -1, -1, -1, -1, -1, -1, -1, -1, -1, -1, -1, -1, -1, -1, -1, -1, -1, -1, -1, -1, -1, -1, -1, -1, -1, -1, -1, -1, -1, -1, -1, -1, -1, -1, -1, -1, -1, -1, -1, -1, -1, -1, -1, -1, -1, -1, -1, -1, -1, -1, -1, -1, -1, -1, -1, -1, -1, -1, -1, -1, -1]"
15,"[104.0, 111.0, 114.0, 115.0, 101.0, 115.0, 104.0, 111.0, 101.0, 32.0, 116.0, 104.0, 101.0, 111.0, 114.0, 121.0, 58.0, 32.0, 97.0, 32.0, 115.0, 108.0, 97.0, 109.0, 100.0, 97.0, 110.0, 99.0, 101.0, 32.0, 97.0, 119.0, 97.0, 114.0, 100.0, 32.0, 119.0, 105.0, 110.0, 110.0, 105.0, 110.0, 103.0, 32.0, 115.0, 104.0, 111.0, 114.0, 116.0, 32.0, 114.0, 111.0, 109.0, 99.0, 111.0, 109.0, 32.0, 97.0, 98.0, 111.0, 117.0, 116.0, 32.0, 97.0, 32.0, 110.0, 97.0, 122.0, 105.0, 32.0, 38.0, 97.0, 109.0, 112.0, 59.0, 32.0, 97.0, 32.0, 106.0, 105.0, 104.0, 97.0, 100.0, 105.0, 115.0, 116.0, 46.0, -1, -1, -1, -1, -1, -1, -1, -1, -1, -1, -1, -1, -1, -1, -1, -1, -1, -1, -1, -1, -1, -1, -1, -1, -1, -1, -1, -1, -1, -1, -1, -1, -1, -1, -1, -1, -1, -1, -1, -1, -1, -1, -1, -1, -1, -1, -1, -1, -1, -1, -1, -1, -1, -1, -1, -1, -1, -1, -1, -1, -1, -1, -1, -1, -1, -1, -1, -1, -1, -1, -1, -1, -1, -1, -1, -1, -1, -1, -1, -1, -1, -1, -1, -1, -1, -1, -1, -1, -1, -1, -1, -1, -1, -1, -1, -1, -1, -1, -1, -1, -1, -1, -1, -1, -1, -1, -1, -1, -1, -1, -1, -1, -1, -1, -1, -1, -1, -1, -1, -1, -1, -1, -1, -1, -1, -1, -1, -1, -1, -1, -1, -1, -1, -1, -1, -1, -1, -1, -1, -1, -1, -1, -1, -1, -1, -1, -1, -1, -1, -1, -1, -1, -1, -1, -1, -1, -1, -1, -1, -1, -1, -1, -1, -1, -1, -1, -1, -1, -1, -1, -1, -1, -1, -1, -1, -1, -1, -1, -1, -1, -1, -1, -1, -1, -1, -1, -1, -1, -1, -1, -1, -1, -1, -1, -1, -1, -1, -1, -1, -1, -1, -1, -1, -1, -1, -1, -1, -1, -1, -1, -1, -1, -1, -1, -1, -1, -1, -1, -1, -1, -1, -1, -1, -1, -1]"
16,"[91.0, 105.0, 97.0, 110.0, 32.0, 114.0, 97.0, 112.0, 111.0, 112.0, 111.0, 114.0, 116.0, 93.0, 32.0, 97.0, 115.0, 32.0, 35.0, 106.0, 101.0, 116.0, 115.0, 32.0, 115.0, 32.0, 106.0, 97.0, 109.0, 97.0, 108.0, 32.0, 97.0, 100.0, 97.0, 109.0, 115.0, 32.0, 105.0, 115.0, 32.0, 115.0, 101.0, 116.0, 32.0, 116.0, 111.0, 32.0, 112.0, 108.0, 97.0, 121.0, 32.0, 97.0, 110.0, 100.0, 32.0, 112.0, 117.0, 116.0, 32.0, 97.0, 32.0, 116.0, 117.0, 109.0, 117.0, 108.0, 116.0, 117.0, 111.0, 117.0, 115.0, 32.0, 119.0, 101.0, 101.0, 107.0, 32.0, 98.0, 101.0, 104.0, 105.0, 110.0, 100.0, 32.0, 104.0, 105.0, 109.0, 44.0, 32.0, 97.0, 32.0, 108.0, 111.0, 111.0, 107.0, 32.0, 98.0, 97.0, 99.0, 107.0, 32.0, 97.0, 116.0, 32.0, 111.0, 110.0, 101.0, 32.0, 107.0, 101.0, 121.0, 32.0, 97.0, 115.0, 112.0, 101.0, 99.0, 116.0, 32.0, 111.0, 102.0, 32.0, 116.0, 104.0, 101.0, 32.0, 97.0, 108.0, 109.0, 111.0, 115.0, 116.0, 45.0, 116.0, 114.0, 97.0, 100.0, 101.0, 58.0, 32.0, 116.0, 104.0, 101.0, 32.0, 35.0, 106.0, 101.0, 116.0, 115.0, 32.0, 102.0, 105.0, 114.0, 115.0, 116.0, 32.0, 97.0, 115.0, 107.0, 101.0, 100.0, 32.0, 102.0, 111.0, 114.0, 32.0, 35.0, 99.0, 111.0, 119.0, 98.0, 111.0, 121.0, 115.0, 32.0, 112.0, 114.0, 111.0, 32.0, 98.0, 111.0, 119.0, 108.0, 32.0, 103.0, 32.0, 122.0, 97.0, 99.0, 107.0, 32.0, 109.0, 97.0, 114.0, 116.0, 105.0, 110.0, 32.0, 97.0, 115.0, 32.0, 112.0, 97.0, 114.0, 116.0, 32.0, 111.0, 102.0, 32.0, 116.0, 104.0, 101.0, 32.0, 114.0, 101.0, 116.0, 117.0, 114.0, 110.0, 32.0, 40.0, 100.0, 97.0, 108.0, 108.0, 97.0, 115.0, 32.0, 115.0, 97.0, 105.0, 100.0, 32.0, 110.0, 111.0, 41.0, 46.0, 32.0, 116.0, 104.0, 97.0, 116.0, 32.0, 105.0, 115.0, 32.0, 105.0, 110.0, 115.0, 116.0, 114.0, 117.0, 99.0, 116.0, 105.0, 118.0, 101.0, 58.0, -1, -1, -1, -1, -1, -1, -1, -1, -1, -1, -1, -1, -1, -1, -1, -1, -1, -1, -1, -1, -1, -1, -1, -1, -1, -1, -1, -1, -1, -1, -1, -1, -1, -1, -1, -1, -1, -1, -1, -1, -1, -1, -1, -1, -1, -1, -1, -1, -1, -1, -1, -1]"
17,"[91.0, 109.0, 97.0, 121.0, 115.0, 93.0, 32.0, 109.0, 121.0, 32.0, 98.0, 101.0, 108.0, 105.0, 101.0, 102.0, 32.0, 105.0, 115.0, 32.0, 116.0, 104.0, 97.0, 116.0, 32.0, 116.0, 104.0, 101.0, 32.0, 107.0, 99.0, 32.0, 115.0, 104.0, 111.0, 117.0, 108.0, 100.0, 32.0, 112.0, 97.0, 114.0, 107.0, 32.0, 109.0, 97.0, 104.0, 111.0, 109.0, 101.0, 115.0, 32.0, 111.0, 110.0, 32.0, 116.0, 104.0, 101.0, 32.0, 98.0, 101.0, 110.0, 99.0, 104.0, 32.0, 116.0, 104.0, 114.0, 111.0, 117.0, 103.0, 104.0, 32.0, 116.0, 104.0, 101.0, 105.0, 114.0, 32.0, 119.0, 101.0, 101.0, 107.0, 32.0, 49.0, 50.0, 32.0, 98.0, 121.0, 101.0, 46.0, 32.0, 103.0, 105.0, 118.0, 101.0, 115.0, 32.0, 104.0, 105.0, 109.0, 32.0, 54.0, 32.0, 119.0, 101.0, 101.0, 107.0, 115.0, 32.0, 116.0, 111.0, 32.0, 114.0, 101.0, 115.0, 116.0, 44.0, 32.0, 97.0, 110.0, 100.0, 32.0, 111.0, 97.0, 107.0, 108.0, 97.0, 110.0, 100.0, 32.0, 104.0, 97.0, 115.0, 32.0, 103.0, 98.0, 44.0, 32.0, 104.0, 111.0, 117.0, 44.0, 32.0, 97.0, 110.0, 100.0, 32.0, 100.0, 101.0, 116.0, 32.0, 111.0, 118.0, 101.0, 114.0, 32.0, 116.0, 104.0, 97.0, 116.0, 32.0, 115.0, 116.0, 114.0, 101.0, 116.0, 99.0, 104.0, 46.0, 32.0, 116.0, 104.0, 101.0, 121.0, -1.0, 100.0, 32.0, 115.0, 116.0, 105.0, 108.0, 108.0, 32.0, 104.0, 97.0, 118.0, 101.0, 32.0, 116.0, 104.0, 101.0, 32.0, 105.0, 110.0, 115.0, 105.0, 100.0, 101.0, 32.0, 116.0, 114.0, 97.0, 99.0, 107.0, 32.0, 105.0, 110.0, 32.0, 116.0, 104.0, 101.0, 32.0, 100.0, 105.0, 118.0, 105.0, 115.0, 105.0, 111.0, 110.0, 32.0, 119.0, 104.0, 101.0, 110.0, 32.0, 104.0, 101.0, 32.0, 99.0, 111.0, 109.0, 101.0, 115.0, 32.0, 98.0, 97.0, 99.0, 107.0, 46.0, -1, -1, -1, -1, -1, -1, -1, -1, -1, -1, -1, -1, -1, -1, -1, -1, -1, -1, -1, -1, -1, -1, -1, -1, -1, -1, -1, -1, -1, -1, -1, -1, -1, -1, -1, -1, -1, -1, -1, -1, -1, -1, -1, -1, -1, -1, -1, -1, -1, -1, -1, -1, -1, -1, -1, -1, -1, -1, -1, -1, -1, -1, -1, -1, -1, -1, -1, -1, -1, -1, -1]"
18,"[105.0, 102.0, 32.0, 111.0, 110.0, 108.0, 121.0, 32.0, 100.0, 117.0, 109.0, 98.0, 32.0, 102.0, 117.0, 99.0, 107.0, 32.0, 115.0, 99.0, 104.0, 105.0, 102.0, 102.0, 32.0, 104.0, 97.0, 100.0, 32.0, 103.0, 105.0, 118.0, 101.0, 110.0, 32.0, 109.0, 117.0, 101.0, 108.0, 108.0, 101.0, 114.0, 32.0, 116.0, 104.0, 101.0, 32.0, 99.0, 108.0, 101.0, 97.0, 114.0, 32.0, 101.0, 118.0, 105.0, 100.0, 101.0, 110.0, 99.0, 101.0, 32.0, 116.0, 104.0, 97.0, 116.0, 32.0, 119.0, 97.0, 115.0, 32.0, 104.0, 105.0, 100.0, 105.0, 110.0, 103.0, 32.0, 105.0, 110.0, 32.0, 112.0, 108.0, 97.0, 105.0, 110.0, 32.0, 115.0, 105.0, 116.0, 101.0, 44.0, 32.0, 98.0, 108.0, 111.0, 110.0, 97.0, 108.0, 100.0, 32.0, 100.0, 114.0, 117.0, 109.0, 112.0, 102.0, 32.0, 119.0, 111.0, 117.0, 108.0, 100.0, 32.0, 98.0, 101.0, 32.0, 105.0, 110.0, 32.0, 112.0, 114.0, 105.0, 115.0, 111.0, 110.0, 32.0, 97.0, 110.0, 100.0, 32.0, 116.0, 104.0, 101.0, 32.0, 97.0, 117.0, 115.0, 116.0, 101.0, 114.0, 101.0, 32.0, 115.0, 99.0, 104.0, 111.0, 108.0, 97.0, 114.0, 32.0, 119.0, 111.0, 117.0, 108.0, 100.0, 32.0, 115.0, 116.0, 105.0, 108.0, 108.0, 32.0, 98.0, 101.0, 32.0, 114.0, 97.0, 112.0, 105.0, 110.0, 103.0, 32.0, 97.0, 110.0, 100.0, 32.0, 98.0, 101.0, 104.0, 101.0, 97.0, 100.0, 105.0, 110.0, 103.0, 32.0, 112.0, 101.0, 111.0, 112.0, 108.0, 101.0, -1, -1, -1, -1, -1, -1, -1, -1, -1, -1, -1, -1, -1, -1, -1, -1, -1, -1, -1, -1, -1, -1, -1, -1, -1, -1, -1, -1, -1, -1, -1, -1, -1, -1, -1, -1, -1, -1, -1, -1, -1, -1, -1, -1, -1, -1, -1, -1, -1, -1, -1, -1, -1, -1, -1, -1, -1, -1, -1, -1, -1, -1, -1, -1, -1, -1, -1, -1, -1, -1, -1, -1, -1, -1, -1, -1, -1, -1, -1, -1, -1, -1, -1, -1, -1, -1, -1, -1, -1, -1, -1, -1, -1, -1, -1, -1, -1, -1, -1, -1, -1, -1, -1, -1, -1, -1, -1, -1, -1, -1, -1, -1, -1, -1, -1, -1, -1, -1, -1]"
19,"[104.0, 97.0, 116.0, 101.0, 32.0, 105.0, 116.0, 32.0, 119.0, 104.0, 101.0, 110.0, 32.0, 116.0, 101.0, 97.0, 99.0, 104.0, 101.0, 114.0, 115.0, 32.0, 100.0, 111.0, 32.0, 116.0, 104.0, 105.0, 115.0, -1, -1, -1, -1, -1, -1, -1, -1, -1, -1, -1, -1, -1, -1, -1, -1, -1, -1, -1, -1, -1, -1, -1, -1, -1, -1, -1, -1, -1, -1, -1, -1, -1, -1, -1, -1, -1, -1, -1, -1, -1, -1, -1, -1, -1, -1, -1, -1, -1, -1, -1, -1, -1, -1, -1, -1, -1, -1, -1, -1, -1, -1, -1, -1, -1, -1, -1, -1, -1, -1, -1, -1, -1, -1, -1, -1, -1, -1, -1, -1, -1, -1, -1, -1, -1, -1, -1, -1, -1, -1, -1, -1, -1, -1, -1, -1, -1, -1, -1, -1, -1, -1, -1, -1, -1, -1, -1, -1, -1, -1, -1, -1, -1, -1, -1, -1, -1, -1, -1, -1, -1, -1, -1, -1, -1, -1, -1, -1, -1, -1, -1, -1, -1, -1, -1, -1, -1, -1, -1, -1, -1, -1, -1, -1, -1, -1, -1, -1, -1, -1, -1, -1, -1, -1, -1, -1, -1, -1, -1, -1, -1, -1, -1, -1, -1, -1, -1, -1, -1, -1, -1, -1, -1, -1, -1, -1, -1, -1, -1, -1, -1, -1, -1, -1, -1, -1, -1, -1, -1, -1, -1, -1, -1, -1, -1, -1, -1, -1, -1, -1, -1, -1, -1, -1, -1, -1, -1, -1, -1, -1, -1, -1, -1, -1, -1, -1, -1, -1, -1, -1, -1, -1, -1, -1, -1, -1, -1, -1, -1, -1, -1, -1, -1, -1, -1, -1, -1, -1, -1, -1, -1, -1, -1, -1, -1, -1, -1, -1, -1, -1, -1, -1, -1, -1, -1, -1, -1, -1, -1, -1, -1, -1, -1, -1, -1, -1, -1, -1, -1, -1, -1, -1, -1, -1, -1, -1, -1, -1, -1, -1, -1, -1, -1]"
20,"[119.0, 101.0, 39.0, 114.0, 101.0, 32.0, 102.0, 105.0, 110.0, 97.0, 108.0, 108.0, 121.0, 32.0, 111.0, 110.0, 32.0, 116.0, 104.0, 101.0, 32.0, 111.0, 102.0, 102.0, 101.0, 110.0, 115.0, 105.0, 118.0, 101.0, 33.0, 32.0, 116.0, 105.0, 109.0, 101.0, 32.0, 116.0, 111.0, 32.0, 100.0, 111.0, 32.0, 121.0, 111.0, 117.0, 114.0, 32.0, 112.0, 97.0, 114.0, 116.0, 33.0, -1, -1, -1, -1, -1, -1, -1, -1, -1, -1, -1, -1, -1, -1, -1, -1, -1, -1, -1, -1, -1, -1, -1, -1, -1, -1, -1, -1, -1, -1, -1, -1, -1, -1, -1, -1, -1, -1, -1, -1, -1, -1, -1, -1, -1, -1, -1, -1, -1, -1, -1, -1, -1, -1, -1, -1, -1, -1, -1, -1, -1, -1, -1, -1, -1, -1, -1, -1, -1, -1, -1, -1, -1, -1, -1, -1, -1, -1, -1, -1, -1, -1, -1, -1, -1, -1, -1, -1, -1, -1, -1, -1, -1, -1, -1, -1, -1, -1, -1, -1, -1, -1, -1, -1, -1, -1, -1, -1, -1, -1, -1, -1, -1, -1, -1, -1, -1, -1, -1, -1, -1, -1, -1, -1, -1, -1, -1, -1, -1, -1, -1, -1, -1, -1, -1, -1, -1, -1, -1, -1, -1, -1, -1, -1, -1, -1, -1, -1, -1, -1, -1, -1, -1, -1, -1, -1, -1, -1, -1, -1, -1, -1, -1, -1, -1, -1, -1, -1, -1, -1, -1, -1, -1, -1, -1, -1, -1, -1, -1, -1, -1, -1, -1, -1, -1, -1, -1, -1, -1, -1, -1, -1, -1, -1, -1, -1, -1, -1, -1, -1, -1, -1, -1, -1, -1, -1, -1, -1, -1, -1, -1, -1, -1, -1, -1, -1, -1, -1, -1, -1, -1, -1, -1, -1, -1, -1, -1, -1, -1, -1, -1, -1, -1, -1, -1, -1, -1, -1, -1, -1, -1, -1, -1, -1, -1, -1, -1, -1, -1, -1, -1, -1, -1, -1, -1, -1, -1, -1, -1]"
21,"[91.0, 107.0, 108.0, 101.0, 105.0, 109.0, 97.0, 110.0, 93.0, 32.0, 35.0, 114.0, 101.0, 100.0, 115.0, 107.0, 105.0, 110.0, 115.0, 32.0, 119.0, 97.0, 105.0, 116.0, 101.0, 100.0, 32.0, 117.0, 110.0, 116.0, 105.0, 108.0, 32.0, 119.0, 101.0, 101.0, 107.0, 32.0, 54.0, 32.0, 111.0, 102.0, 32.0, 116.0, 104.0, 101.0, 32.0, 115.0, 101.0, 97.0, 115.0, 111.0, 110.0, 32.0, 116.0, 111.0, 32.0, 102.0, 105.0, 110.0, 97.0, 108.0, 108.0, 121.0, 32.0, 112.0, 108.0, 97.0, 99.0, 101.0, 32.0, 116.0, 101.0, 32.0, 106.0, 111.0, 114.0, 100.0, 97.0, 110.0, 32.0, 114.0, 101.0, 101.0, 100.0, 32.0, 111.0, 110.0, 32.0, 105.0, 110.0, 106.0, 117.0, 114.0, 101.0, 100.0, 32.0, 114.0, 101.0, 115.0, 101.0, 114.0, 118.0, 101.0, 44.0, 32.0, 112.0, 101.0, 114.0, 32.0, 64.0, 97.0, 100.0, 97.0, 109.0, 115.0, 99.0, 104.0, 101.0, 102.0, 116.0, 101.0, 114.0, 32.0, 114.0, 101.0, 101.0, 100.0, 32.0, 115.0, 117.0, 102.0, 102.0, 101.0, 114.0, 101.0, 100.0, 32.0, 97.0, 32.0, 99.0, 111.0, 110.0, 99.0, 117.0, 115.0, 115.0, 105.0, 111.0, 110.0, 32.0, 105.0, 110.0, 32.0, 112.0, 114.0, 101.0, 45.0, 115.0, 101.0, 97.0, 115.0, 111.0, 110.0, 32.0, 102.0, 114.0, 111.0, 109.0, 32.0, 116.0, 104.0, 105.0, 115.0, 32.0, 104.0, 105.0, 116.0, 32.0, 98.0, 121.0, 32.0, 35.0, 102.0, 97.0, 108.0, 99.0, 111.0, 110.0, 115.0, 32.0, 115.0, 97.0, 102.0, 101.0, 116.0, 121.0, 32.0, 107.0, 101.0, 97.0, 110.0, 117.0, 32.0, 110.0, 101.0, 97.0, 108.0, 46.0, -1, -1, -1, -1, -1, -1, -1, -1, -1, -1, -1, -1, -1, -1, -1, -1, -1, -1, -1, -1, -1, -1, -1, -1, -1, -1, -1, -1, -1, -1, -1, -1, -1, -1, -1, -1, -1, -1, -1, -1, -1, -1, -1, -1, -1, -1, -1, -1, -1, -1, -1, -1, -1, -1, -1, -1, -1, -1, -1, -1, -1, -1, -1, -1, -1, -1, -1, -1, -1, -1, -1, -1, -1, -1, -1, -1, -1, -1, -1, -1, -1, -1, -1, -1, -1, -1, -1, -1, -1, -1, -1, -1, -1, -1, -1, -1, -1, -1, -1, -1, -1, -1, -1]"
22,"[115.0, 101.0, 120.0, 32.0, 119.0, 111.0, 114.0, 107.0, 32.0, 115.0, 104.0, 111.0, 117.0, 108.0, 100.0, 32.0, 98.0, 101.0, 32.0, 99.0, 111.0, 109.0, 112.0, 108.0, 101.0, 116.0, 101.0, 108.0, 121.0, 32.0, 100.0, 101.0, 99.0, 114.0, 105.0, 109.0, 105.0, 110.0, 97.0, 108.0, 105.0, 122.0, 101.0, 100.0, -1, -1, -1, -1, -1, -1, -1, -1, -1, -1, -1, -1, -1, -1, -1, -1, -1, -1, -1, -1, -1, -1, -1, -1, -1, -1, -1, -1, -1, -1, -1, -1, -1, -1, -1, -1, -1, -1, -1, -1, -1, -1, -1, -1, -1, -1, -1, -1, -1, -1, -1, -1, -1, -1, -1, -1, -1, -1, -1, -1, -1, -1, -1, -1, -1, -1, -1, -1, -1, -1, -1, -1, -1, -1, -1, -1, -1, -1, -1, -1, -1, -1, -1, -1, -1, -1, -1, -1, -1, -1, -1, -1, -1, -1, -1, -1, -1, -1, -1, -1, -1, -1, -1, -1, -1, -1, -1, -1, -1, -1, -1, -1, -1, -1, -1, -1, -1, -1, -1, -1, -1, -1, -1, -1, -1, -1, -1, -1, -1, -1, -1, -1, -1, -1, -1, -1, -1, -1, -1, -1, -1, -1, -1, -1, -1, -1, -1, -1, -1, -1, -1, -1, -1, -1, -1, -1, -1, -1, -1, -1, -1, -1, -1, -1, -1, -1, -1, -1, -1, -1, -1, -1, -1, -1, -1, -1, -1, -1, -1, -1, -1, -1, -1, -1, -1, -1, -1, -1, -1, -1, -1, -1, -1, -1, -1, -1, -1, -1, -1, -1, -1, -1, -1, -1, -1, -1, -1, -1, -1, -1, -1, -1, -1, -1, -1, -1, -1, -1, -1, -1, -1, -1, -1, -1, -1, -1, -1, -1, -1, -1, -1, -1, -1, -1, -1, -1, -1, -1, -1, -1, -1, -1, -1, -1, -1, -1, -1, -1, -1, -1, -1, -1, -1, -1, -1, -1, -1, -1, -1, -1, -1, -1, -1, -1, -1, -1, -1, -1]"
23,"[39.0, 105.0, 32.0, 100.0, 105.0, 100.0, 110.0, 39.0, 116.0, 32.0, 116.0, 97.0, 107.0, 101.0, 32.0, 116.0, 104.0, 105.0, 115.0, 32.0, 106.0, 111.0, 98.0, 32.0, 116.0, 111.0, 32.0, 107.0, 101.0, 101.0, 112.0, 32.0, 105.0, 116.0, 39.0, 58.0, 32.0, 103.0, 111.0, 112.0, 32.0, 114.0, 101.0, 112.0, 46.0, 32.0, 114.0, 111.0, 111.0, 110.0, 101.0, 121.0, 32.0, 104.0, 105.0, 110.0, 116.0, 115.0, 32.0, 104.0, 101.0, 39.0, 115.0, 32.0, 111.0, 112.0, 101.0, 110.0, 32.0, 116.0, 111.0, 32.0, 105.0, 109.0, 112.0, 101.0, 97.0, 99.0, 104.0, 109.0, 101.0, 110.0, 116.0, -1, -1, -1, -1, -1, -1, -1, -1, -1, -1, -1, -1, -1, -1, -1, -1, -1, -1, -1, -1, -1, -1, -1, -1, -1, -1, -1, -1, -1, -1, -1, -1, -1, -1, -1, -1, -1, -1, -1, -1, -1, -1, -1, -1, -1, -1, -1, -1, -1, -1, -1, -1, -1, -1, -1, -1, -1, -1, -1, -1, -1, -1, -1, -1, -1, -1, -1, -1, -1, -1, -1, -1, -1, -1, -1, -1, -1, -1, -1, -1, -1, -1, -1, -1, -1, -1, -1, -1, -1, -1, -1, -1, -1, -1, -1, -1, -1, -1, -1, -1, -1, -1, -1, -1, -1, -1, -1, -1, -1, -1, -1, -1, -1, -1, -1, -1, -1, -1, -1, -1, -1, -1, -1, -1, -1, -1, -1, -1, -1, -1, -1, -1, -1, -1, -1, -1, -1, -1, -1, -1, -1, -1, -1, -1, -1, -1, -1, -1, -1, -1, -1, -1, -1, -1, -1, -1, -1, -1, -1, -1, -1, -1, -1, -1, -1, -1, -1, -1, -1, -1, -1, -1, -1, -1, -1, -1, -1, -1, -1, -1, -1, -1, -1, -1, -1, -1, -1, -1, -1, -1, -1, -1, -1, -1, -1, -1, -1, -1, -1, -1, -1, -1, -1, -1, -1, -1, -1, -1, -1, -1, -1, -1, -1, -1, -1, -1, -1, -1, -1, -1, -1, -1, -1, -1, -1, -1, -1, -1, -1]"
24,"[102.0, 117.0, 99.0, 107.0, 32.0, 97.0, 108.0, 108.0, 32.0, 116.0, 104.0, 101.0, 32.0, 109.0, 111.0, 100.0, 115.0, -1, -1, -1, -1, -1, -1, -1, -1, -1, -1, -1, -1, -1, -1, -1, -1, -1, -1, -1, -1, -1, -1, -1, -1, -1, -1, -1, -1, -1, -1, -1, -1, -1, -1, -1, -1, -1, -1, -1, -1, -1, -1, -1, -1, -1, -1, -1, -1, -1, -1, -1, -1, -1, -1, -1, -1, -1, -1, -1, -1, -1, -1, -1, -1, -1, -1, -1, -1, -1, -1, -1, -1, -1, -1, -1, -1, -1, -1, -1, -1, -1, -1, -1, -1, -1, -1, -1, -1, -1, -1, -1, -1, -1, -1, -1, -1, -1, -1, -1, -1, -1, -1, -1, -1, -1, -1, -1, -1, -1, -1, -1, -1, -1, -1, -1, -1, -1, -1, -1, -1, -1, -1, -1, -1, -1, -1, -1, -1, -1, -1, -1, -1, -1, -1, -1, -1, -1, -1, -1, -1, -1, -1, -1, -1, -1, -1, -1, -1, -1, -1, -1, -1, -1, -1, -1, -1, -1, -1, -1, -1, -1, -1, -1, -1, -1, -1, -1, -1, -1, -1, -1, -1, -1, -1, -1, -1, -1, -1, -1, -1, -1, -1, -1, -1, -1, -1, -1, -1, -1, -1, -1, -1, -1, -1, -1, -1, -1, -1, -1, -1, -1, -1, -1, -1, -1, -1, -1, -1, -1, -1, -1, -1, -1, -1, -1, -1, -1, -1, -1, -1, -1, -1, -1, -1, -1, -1, -1, -1, -1, -1, -1, -1, -1, -1, -1, -1, -1, -1, -1, -1, -1, -1, -1, -1, -1, -1, -1, -1, -1, -1, -1, -1, -1, -1, -1, -1, -1, -1, -1, -1, -1, -1, -1, -1, -1, -1, -1, -1, -1, -1, -1, -1, -1, -1, -1, -1, -1, -1, -1, -1, -1, -1, -1, -1, -1, -1, -1, -1, -1, -1, -1, -1, -1, -1, -1]"
25,"[109.0, 111.0, 114.0, 101.0, 32.0, 102.0, 105.0, 114.0, 101.0, 115.0, 32.0, 98.0, 117.0, 114.0, 110.0, 105.0, 110.0, 103.0, 32.0, 105.0, 110.0, 32.0, 97.0, 110.0, 103.0, 111.0, 108.0, 97.0, 32.0, 97.0, 110.0, 100.0, 32.0, 99.0, 111.0, 110.0, 103.0, 111.0, 32.0, 116.0, 104.0, 97.0, 110.0, 32.0, 105.0, 110.0, 32.0, 116.0, 104.0, 101.0, 32.0, 97.0, 109.0, 97.0, 122.0, 111.0, 110.0, -1, -1, -1, -1, -1, -1, -1, -1, -1, -1, -1, -1, -1, -1, -1, -1, -1, -1, -1, -1, -1, -1, -1, -1, -1, -1, -1, -1, -1, -1, -1, -1, -1, -1, -1, -1, -1, -1, -1, -1, -1, -1, -1, -1, -1, -1, -1, -1, -1, -1, -1, -1, -1, -1, -1, -1, -1, -1, -1, -1, -1, -1, -1, -1, -1, -1, -1, -1, -1, -1, -1, -1, -1, -1, -1, -1, -1, -1, -1, -1, -1, -1, -1, -1, -1, -1, -1, -1, -1, -1, -1, -1, -1, -1, -1, -1, -1, -1, -1, -1, -1, -1, -1, -1, -1, -1, -1, -1, -1, -1, -1, -1, -1, -1, -1, -1, -1, -1, -1, -1, -1, -1, -1, -1, -1, -1, -1, -1, -1, -1, -1, -1, -1, -1, -1, -1, -1, -1, -1, -1, -1, -1, -1, -1, -1, -1, -1, -1, -1, -1, -1, -1, -1, -1, -1, -1, -1, -1, -1, -1, -1, -1, -1, -1, -1, -1, -1, -1, -1, -1, -1, -1, -1, -1, -1, -1, -1, -1, -1, -1, -1, -1, -1, -1, -1, -1, -1, -1, -1, -1, -1, -1, -1, -1, -1, -1, -1, -1, -1, -1, -1, -1, -1, -1, -1, -1, -1, -1, -1, -1, -1, -1, -1, -1, -1, -1, -1, -1, -1, -1, -1, -1, -1, -1, -1, -1, -1, -1, -1, -1, -1, -1, -1, -1, -1, -1, -1, -1, -1, -1, -1, -1, -1, -1, -1, -1, -1, -1, -1, -1, -1, -1, -1, -1, -1]"
26,"[98.0, 101.0, 110.0, 32.0, 97.0, 102.0, 102.0, 108.0, 101.0, 99.0, 107.0, 39.0, 115.0, 32.0, 115.0, 112.0, 111.0, 114.0, 116.0, 115.0, 45.0, 100.0, 114.0, 97.0, 109.0, 97.0, 32.0, -1.0, 116.0, 111.0, 114.0, 114.0, 97.0, 110.0, 99.0, 101.0, -1.0, 32.0, 104.0, 97.0, 115.0, 32.0, 98.0, 101.0, 101.0, 110.0, 32.0, 114.0, 101.0, 116.0, 105.0, 116.0, 108.0, 101.0, 100.0, 32.0, 116.0, 111.0, 32.0, -1.0, 108.0, 111.0, 110.0, 103.0, 32.0, 116.0, 105.0, 109.0, 101.0, 32.0, 99.0, 111.0, 109.0, 105.0, 110.0, 103.0, -1.0, 32.0, -1.0, 32.0, 100.0, 105.0, 114.0, 101.0, 99.0, 116.0, 101.0, 100.0, 32.0, 98.0, 121.0, 32.0, 103.0, 97.0, 118.0, 105.0, 110.0, 32.0, 111.0, -1.0, 99.0, 111.0, 110.0, 110.0, 111.0, 114.0, 32.0, 40.0, 39.0, 116.0, 104.0, 101.0, 32.0, 97.0, 99.0, 99.0, 111.0, 117.0, 110.0, 116.0, 97.0, 110.0, 116.0, 39.0, 41.0, 32.0, 45.0, 32.0, 97.0, 98.0, 111.0, 117.0, 116.0, 32.0, 97.0, 32.0, 102.0, 111.0, 114.0, 109.0, 101.0, 114.0, 32.0, 98.0, 97.0, 115.0, 107.0, 101.0, 116.0, 98.0, 97.0, 108.0, 108.0, 32.0, 97.0, 108.0, 108.0, 45.0, 115.0, 116.0, 97.0, 114.0, 32.0, 100.0, 101.0, 97.0, 108.0, 105.0, 110.0, 103.0, 32.0, 119.0, 105.0, 116.0, 104.0, 32.0, 104.0, 105.0, 115.0, 32.0, 97.0, 100.0, 100.0, 105.0, 99.0, 116.0, 105.0, 111.0, 110.0, 32.0, 116.0, 111.0, 32.0, 97.0, 108.0, 99.0, 111.0, 104.0, 111.0, 108.0, 46.0, -1, -1, -1, -1, -1, -1, -1, -1, -1, -1, -1, -1, -1, -1, -1, -1, -1, -1, -1, -1, -1, -1, -1, -1, -1, -1, -1, -1, -1, -1, -1, -1, -1, -1, -1, -1, -1, -1, -1, -1, -1, -1, -1, -1, -1, -1, -1, -1, -1, -1, -1, -1, -1, -1, -1, -1, -1, -1, -1, -1, -1, -1, -1, -1, -1, -1, -1, -1, -1, -1, -1, -1, -1, -1, -1, -1, -1, -1, -1, -1, -1, -1, -1, -1, -1, -1, -1, -1, -1, -1, -1, -1, -1, -1, -1, -1, -1, -1, -1, -1, -1, -1, -1, -1, -1, -1, -1, -1, -1, -1, -1]"
27,"[101.0, 109.0, 112.0, 108.0, 111.0, 121.0, 101.0, 114.0, 32.0, 104.0, 97.0, 115.0, 32.0, 34.0, 97.0, 32.0, 112.0, 111.0, 108.0, 105.0, 99.0, 121.0, 34.0, 32.0, 116.0, 111.0, 32.0, 97.0, 98.0, 115.0, 111.0, 114.0, 98.0, 32.0, 55.0, 53.0, 37.0, 32.0, 111.0, 102.0, 32.0, 109.0, 121.0, 32.0, 112.0, 116.0, 111.0, -1, -1, -1, -1, -1, -1, -1, -1, -1, -1, -1, -1, -1, -1, -1, -1, -1, -1, -1, -1, -1, -1, -1, -1, -1, -1, -1, -1, -1, -1, -1, -1, -1, -1, -1, -1, -1, -1, -1, -1, -1, -1, -1, -1, -1, -1, -1, -1, -1, -1, -1, -1, -1, -1, -1, -1, -1, -1, -1, -1, -1, -1, -1, -1, -1, -1, -1, -1, -1, -1, -1, -1, -1, -1, -1, -1, -1, -1, -1, -1, -1, -1, -1, -1, -1, -1, -1, -1, -1, -1, -1, -1, -1, -1, -1, -1, -1, -1, -1, -1, -1, -1, -1, -1, -1, -1, -1, -1, -1, -1, -1, -1, -1, -1, -1, -1, -1, -1, -1, -1, -1, -1, -1, -1, -1, -1, -1, -1, -1, -1, -1, -1, -1, -1, -1, -1, -1, -1, -1, -1, -1, -1, -1, -1, -1, -1, -1, -1, -1, -1, -1, -1, -1, -1, -1, -1, -1, -1, -1, -1, -1, -1, -1, -1, -1, -1, -1, -1, -1, -1, -1, -1, -1, -1, -1, -1, -1, -1, -1, -1, -1, -1, -1, -1, -1, -1, -1, -1, -1, -1, -1, -1, -1, -1, -1, -1, -1, -1, -1, -1, -1, -1, -1, -1, -1, -1, -1, -1, -1, -1, -1, -1, -1, -1, -1, -1, -1, -1, -1, -1, -1, -1, -1, -1, -1, -1, -1, -1, -1, -1, -1, -1, -1, -1, -1, -1, -1, -1, -1, -1, -1, -1, -1, -1, -1, -1, -1, -1, -1, -1, -1, -1, -1, -1, -1, -1, -1, -1, -1, -1, -1, -1, -1, -1, -1]"
28,"[103.0, 105.0, 114.0, 108.0, 102.0, 114.0, 105.0, 101.0, 110.0, 100.0, 32.0, 97.0, 110.0, 100.0, 32.0, 105.0, 32.0, 98.0, 111.0, 117.0, 103.0, 104.0, 116.0, 32.0, 97.0, 32.0, 104.0, 111.0, 117.0, 115.0, 101.0, 32.0, 116.0, 111.0, 103.0, 101.0, 116.0, 104.0, 101.0, 114.0, 44.0, 32.0, 98.0, 117.0, 116.0, 32.0, 105.0, 116.0, 32.0, 105.0, 115.0, 32.0, 105.0, 110.0, 32.0, 104.0, 101.0, 114.0, 32.0, 110.0, 97.0, 109.0, 101.0, 46.0, 32.0, 119.0, 101.0, 32.0, 97.0, 114.0, 101.0, 32.0, 110.0, 111.0, 119.0, 32.0, 98.0, 114.0, 101.0, 97.0, 107.0, 105.0, 110.0, 103.0, 32.0, 117.0, 112.0, 44.0, 32.0, 100.0, 111.0, 32.0, 105.0, 32.0, 104.0, 97.0, 118.0, 101.0, 32.0, 97.0, 110.0, 121.0, 32.0, 99.0, 108.0, 97.0, 105.0, 109.0, 32.0, 116.0, 111.0, 32.0, 105.0, 116.0, 63.0, -1, -1, -1, -1, -1, -1, -1, -1, -1, -1, -1, -1, -1, -1, -1, -1, -1, -1, -1, -1, -1, -1, -1, -1, -1, -1, -1, -1, -1, -1, -1, -1, -1, -1, -1, -1, -1, -1, -1, -1, -1, -1, -1, -1, -1, -1, -1, -1, -1, -1, -1, -1, -1, -1, -1, -1, -1, -1, -1, -1, -1, -1, -1, -1, -1, -1, -1, -1, -1, -1, -1, -1, -1, -1, -1, -1, -1, -1, -1, -1, -1, -1, -1, -1, -1, -1, -1, -1, -1, -1, -1, -1, -1, -1, -1, -1, -1, -1, -1, -1, -1, -1, -1, -1, -1, -1, -1, -1, -1, -1, -1, -1, -1, -1, -1, -1, -1, -1, -1, -1, -1, -1, -1, -1, -1, -1, -1, -1, -1, -1, -1, -1, -1, -1, -1, -1, -1, -1, -1, -1, -1, -1, -1, -1, -1, -1, -1, -1, -1, -1, -1, -1, -1, -1, -1, -1, -1, -1, -1, -1, -1, -1, -1, -1, -1, -1, -1, -1, -1, -1, -1, -1, -1, -1, -1, -1, -1, -1, -1, -1, -1, -1, -1, -1, -1, -1, -1, -1, -1, -1, -1, -1, -1, -1, -1, -1, -1]"
29,"[119.0, 104.0, 97.0, 116.0, 39.0, 115.0, 32.0, 116.0, 104.0, 101.0, 32.0, 114.0, 117.0, 100.0, 101.0, 115.0, 116.0, 32.0, 119.0, 97.0, 121.0, 32.0, 121.0, 111.0, 117.0, 39.0, 118.0, 101.0, 32.0, 98.0, 101.0, 101.0, 110.0, 32.0, 114.0, 101.0, 106.0, 101.0, 99.0, 116.0, 101.0, 100.0, 63.0, -1, -1, -1, -1, -1, -1, -1, -1, -1, -1, -1, -1, -1, -1, -1, -1, -1, -1, -1, -1, -1, -1, -1, -1, -1, -1, -1, -1, -1, -1, -1, -1, -1, -1, -1, -1, -1, -1, -1, -1, -1, -1, -1, -1, -1, -1, -1, -1, -1, -1, -1, -1, -1, -1, -1, -1, -1, -1, -1, -1, -1, -1, -1, -1, -1, -1, -1, -1, -1, -1, -1, -1, -1, -1, -1, -1, -1, -1, -1, -1, -1, -1, -1, -1, -1, -1, -1, -1, -1, -1, -1, -1, -1, -1, -1, -1, -1, -1, -1, -1, -1, -1, -1, -1, -1, -1, -1, -1, -1, -1, -1, -1, -1, -1, -1, -1, -1, -1, -1, -1, -1, -1, -1, -1, -1, -1, -1, -1, -1, -1, -1, -1, -1, -1, -1, -1, -1, -1, -1, -1, -1, -1, -1, -1, -1, -1, -1, -1, -1, -1, -1, -1, -1, -1, -1, -1, -1, -1, -1, -1, -1, -1, -1, -1, -1, -1, -1, -1, -1, -1, -1, -1, -1, -1, -1, -1, -1, -1, -1, -1, -1, -1, -1, -1, -1, -1, -1, -1, -1, -1, -1, -1, -1, -1, -1, -1, -1, -1, -1, -1, -1, -1, -1, -1, -1, -1, -1, -1, -1, -1, -1, -1, -1, -1, -1, -1, -1, -1, -1, -1, -1, -1, -1, -1, -1, -1, -1, -1, -1, -1, -1, -1, -1, -1, -1, -1, -1, -1, -1, -1, -1, -1, -1, -1, -1, -1, -1, -1, -1, -1, -1, -1, -1, -1, -1, -1, -1, -1, -1, -1, -1, -1, -1, -1, -1, -1, -1, -1, -1]"
30,"[108.0, 112.0, 116.0, 58.0, 32.0, 105.0, 102.0, 32.0, 115.0, 111.0, 109.0, 101.0, 111.0, 110.0, 101.0, 32.0, 97.0, 115.0, 107.0, 115.0, 32.0, 121.0, 111.0, 117.0, 32.0, 105.0, 102.0, 32.0, 121.0, 111.0, 117.0, -1.0, 118.0, 101.0, 32.0, 99.0, 111.0, 109.0, 112.0, 108.0, 101.0, 116.0, 101.0, 100.0, 32.0, 97.0, 32.0, 116.0, 97.0, 115.0, 107.0, 44.0, 32.0, 97.0, 108.0, 119.0, 97.0, 121.0, 115.0, 32.0, 115.0, 97.0, 121.0, 32.0, -1.0, 110.0, 111.0, 116.0, 32.0, 121.0, 101.0, 116.0, -1.0, 32.0, 105.0, 110.0, 115.0, 116.0, 101.0, 97.0, 100.0, 32.0, 111.0, 102.0, 32.0, 110.0, 111.0, 44.0, 32.0, 97.0, 115.0, 32.0, 105.0, 116.0, 32.0, 115.0, 104.0, 111.0, 119.0, 115.0, 32.0, 121.0, 111.0, 117.0, 32.0, 100.0, 105.0, 100.0, 110.0, -1.0, 116.0, 32.0, 102.0, 111.0, 114.0, 103.0, 101.0, 116.0, 32.0, 97.0, 98.0, 111.0, 117.0, 116.0, 32.0, 116.0, 104.0, 101.0, 32.0, 116.0, 97.0, 115.0, 107.0, 32.0, 97.0, 110.0, 100.0, 32.0, 104.0, 97.0, 100.0, 32.0, 97.0, 116.0, 32.0, 108.0, 101.0, 97.0, 115.0, 116.0, 32.0, 112.0, 108.0, 97.0, 110.0, 110.0, 101.0, 100.0, 32.0, 111.0, 110.0, 32.0, 103.0, 101.0, 116.0, 116.0, 105.0, 110.0, 103.0, 32.0, 105.0, 116.0, 32.0, 100.0, 111.0, 110.0, 101.0, 46.0, -1, -1, -1, -1, -1, -1, -1, -1, -1, -1, -1, -1, -1, -1, -1, -1, -1, -1, -1, -1, -1, -1, -1, -1, -1, -1, -1, -1, -1, -1, -1, -1, -1, -1, -1, -1, -1, -1, -1, -1, -1, -1, -1, -1, -1, -1, -1, -1, -1, -1, -1, -1, -1, -1, -1, -1, -1, -1, -1, -1, -1, -1, -1, -1, -1, -1, -1, -1, -1, -1, -1, -1, -1, -1, -1, -1, -1, -1, -1, -1, -1, -1, -1, -1, -1, -1, -1, -1, -1, -1, -1, -1, -1, -1, -1, -1, -1, -1, -1, -1, -1, -1, -1, -1, -1, -1, -1, -1, -1, -1, -1, -1, -1, -1, -1, -1, -1, -1, -1, -1, -1, -1, -1, -1, -1, -1, -1, -1, -1, -1, -1, -1, -1, -1]"
31,"[112.0, 101.0, 111.0, 112.0, 108.0, 101.0, 32.0, 115.0, 104.0, 111.0, 117.0, 108.0, 100.0, 32.0, 104.0, 97.0, 118.0, 101.0, 32.0, 116.0, 111.0, 32.0, 98.0, 101.0, 32.0, 49.0, 56.0, 32.0, 121.0, 101.0, 97.0, 114.0, 115.0, 32.0, 111.0, 102.0, 32.0, 97.0, 103.0, 101.0, 32.0, 98.0, 101.0, 102.0, 111.0, 114.0, 101.0, 32.0, 116.0, 104.0, 101.0, 121.0, 39.0, 114.0, 101.0, 32.0, 97.0, 108.0, 108.0, 111.0, 119.0, 101.0, 100.0, 32.0, 116.0, 111.0, 32.0, 109.0, 101.0, 100.0, 105.0, 99.0, 97.0, 108.0, 108.0, 121.0, 32.0, 116.0, 114.0, 97.0, 110.0, 115.0, 105.0, 116.0, 105.0, 111.0, 110.0, -1, -1, -1, -1, -1, -1, -1, -1, -1, -1, -1, -1, -1, -1, -1, -1, -1, -1, -1, -1, -1, -1, -1, -1, -1, -1, -1, -1, -1, -1, -1, -1, -1, -1, -1, -1, -1, -1, -1, -1, -1, -1, -1, -1, -1, -1, -1, -1, -1, -1, -1, -1, -1, -1, -1, -1, -1, -1, -1, -1, -1, -1, -1, -1, -1, -1, -1, -1, -1, -1, -1, -1, -1, -1, -1, -1, -1, -1, -1, -1, -1, -1, -1, -1, -1, -1, -1, -1, -1, -1, -1, -1, -1, -1, -1, -1, -1, -1, -1, -1, -1, -1, -1, -1, -1, -1, -1, -1, -1, -1, -1, -1, -1, -1, -1, -1, -1, -1, -1, -1, -1, -1, -1, -1, -1, -1, -1, -1, -1, -1, -1, -1, -1, -1, -1, -1, -1, -1, -1, -1, -1, -1, -1, -1, -1, -1, -1, -1, -1, -1, -1, -1, -1, -1, -1, -1, -1, -1, -1, -1, -1, -1, -1, -1, -1, -1, -1, -1, -1, -1, -1, -1, -1, -1, -1, -1, -1, -1, -1, -1, -1, -1, -1, -1, -1, -1, -1, -1, -1, -1, -1, -1, -1, -1, -1, -1, -1, -1, -1, -1, -1, -1, -1, -1, -1, -1, -1, -1, -1, -1, -1, -1, -1, -1, -1, -1, -1, -1, -1, -1, -1, -1, -1, -1, -1]"
32,"[109.0, 101.0, 109.0, 98.0, 101.0, 114.0, 115.0, 32.0, 111.0, 102.0, 32.0, 99.0, 101.0, 110.0, 116.0, 114.0, 97.0, 108.0, 32.0, 112.0, 97.0, 114.0, 107.0, 32.0, 53.0, 32.0, 97.0, 100.0, 118.0, 111.0, 99.0, 97.0, 116.0, 105.0, 110.0, 103.0, 32.0, 102.0, 111.0, 114.0, 32.0, 108.0, 97.0, 119.0, 32.0, 108.0, 105.0, 109.0, 105.0, 116.0, 105.0, 110.0, 103.0, 32.0, 100.0, 101.0, 99.0, 101.0, 112.0, 116.0, 105.0, 118.0, 101.0, 32.0, 105.0, 110.0, 116.0, 101.0, 114.0, 114.0, 111.0, 103.0, 97.0, 116.0, 105.0, 111.0, 110.0, 32.0, 116.0, 97.0, 99.0, 116.0, 105.0, 99.0, 115.0, 32.0, 97.0, 110.0, 100.0, 32.0, 111.0, 116.0, 104.0, 101.0, 114.0, 32.0, 115.0, 119.0, 101.0, 101.0, 112.0, 105.0, 110.0, 103.0, 32.0, 99.0, 114.0, 105.0, 109.0, 105.0, 110.0, 97.0, 108.0, 32.0, 106.0, 117.0, 115.0, 116.0, 105.0, 99.0, 101.0, 32.0, 114.0, 101.0, 102.0, 111.0, 114.0, 109.0, 115.0, -1, -1, -1, -1, -1, -1, -1, -1, -1, -1, -1, -1, -1, -1, -1, -1, -1, -1, -1, -1, -1, -1, -1, -1, -1, -1, -1, -1, -1, -1, -1, -1, -1, -1, -1, -1, -1, -1, -1, -1, -1, -1, -1, -1, -1, -1, -1, -1, -1, -1, -1, -1, -1, -1, -1, -1, -1, -1, -1, -1, -1, -1, -1, -1, -1, -1, -1, -1, -1, -1, -1, -1, -1, -1, -1, -1, -1, -1, -1, -1, -1, -1, -1, -1, -1, -1, -1, -1, -1, -1, -1, -1, -1, -1, -1, -1, -1, -1, -1, -1, -1, -1, -1, -1, -1, -1, -1, -1, -1, -1, -1, -1, -1, -1, -1, -1, -1, -1, -1, -1, -1, -1, -1, -1, -1, -1, -1, -1, -1, -1, -1, -1, -1, -1, -1, -1, -1, -1, -1, -1, -1, -1, -1, -1, -1, -1, -1, -1, -1, -1, -1, -1, -1, -1, -1, -1, -1, -1, -1, -1, -1, -1, -1, -1, -1, -1, -1, -1, -1, -1, -1, -1, -1, -1, -1, -1, -1, -1, -1, -1, -1, -1, -1]"
33,"[112.0, 111.0, 114.0, 110.0, 32.0, 99.0, 111.0, 109.0, 112.0, 108.0, 101.0, 116.0, 101.0, 108.0, 121.0, 32.0, 99.0, 104.0, 97.0, 110.0, 103.0, 101.0, 100.0, 32.0, 116.0, 104.0, 101.0, 32.0, 109.0, 101.0, 97.0, 110.0, 105.0, 110.0, 103.0, 32.0, 111.0, 102.0, 32.0, 116.0, 104.0, 101.0, 32.0, 115.0, 116.0, 101.0, 112.0, 109.0, 111.0, 116.0, 104.0, 101.0, 114.0, 32.0, 116.0, 114.0, 111.0, 112.0, 101.0, -1, -1, -1, -1, -1, -1, -1, -1, -1, -1, -1, -1, -1, -1, -1, -1, -1, -1, -1, -1, -1, -1, -1, -1, -1, -1, -1, -1, -1, -1, -1, -1, -1, -1, -1, -1, -1, -1, -1, -1, -1, -1, -1, -1, -1, -1, -1, -1, -1, -1, -1, -1, -1, -1, -1, -1, -1, -1, -1, -1, -1, -1, -1, -1, -1, -1, -1, -1, -1, -1, -1, -1, -1, -1, -1, -1, -1, -1, -1, -1, -1, -1, -1, -1, -1, -1, -1, -1, -1, -1, -1, -1, -1, -1, -1, -1, -1, -1, -1, -1, -1, -1, -1, -1, -1, -1, -1, -1, -1, -1, -1, -1, -1, -1, -1, -1, -1, -1, -1, -1, -1, -1, -1, -1, -1, -1, -1, -1, -1, -1, -1, -1, -1, -1, -1, -1, -1, -1, -1, -1, -1, -1, -1, -1, -1, -1, -1, -1, -1, -1, -1, -1, -1, -1, -1, -1, -1, -1, -1, -1, -1, -1, -1, -1, -1, -1, -1, -1, -1, -1, -1, -1, -1, -1, -1, -1, -1, -1, -1, -1, -1, -1, -1, -1, -1, -1, -1, -1, -1, -1, -1, -1, -1, -1, -1, -1, -1, -1, -1, -1, -1, -1, -1, -1, -1, -1, -1, -1, -1, -1, -1, -1, -1, -1, -1, -1, -1, -1, -1, -1, -1, -1, -1, -1, -1, -1, -1, -1, -1, -1, -1, -1, -1, -1, -1, -1, -1, -1, -1, -1, -1, -1, -1, -1, -1, -1, -1, -1, -1, -1, -1, -1, -1]"
34,"[100.0, 111.0, 110.0, 97.0, 108.0, 100.0, 32.0, 116.0, 114.0, 117.0, 109.0, 112.0, 32.0, 105.0, 115.0, 32.0, 109.0, 111.0, 118.0, 105.0, 110.0, 103.0, 32.0, 102.0, 114.0, 111.0, 109.0, 32.0, 110.0, 101.0, 119.0, 32.0, 121.0, 111.0, 114.0, 107.0, 32.0, 116.0, 111.0, 32.0, 102.0, 108.0, 111.0, 114.0, 105.0, 100.0, 97.0, 46.0, 32.0, 103.0, 111.0, 118.0, 46.0, 32.0, 97.0, 110.0, 100.0, 114.0, 101.0, 119.0, 32.0, 99.0, 117.0, 111.0, 109.0, 111.0, 39.0, 115.0, 32.0, 114.0, 101.0, 115.0, 112.0, 111.0, 110.0, 115.0, 101.0, 58.0, 32.0, 39.0, 103.0, 111.0, 111.0, 100.0, 32.0, 114.0, 105.0, 100.0, 100.0, 97.0, 110.0, 99.0, 101.0, 39.0, -1, -1, -1, -1, -1, -1, -1, -1, -1, -1, -1, -1, -1, -1, -1, -1, -1, -1, -1, -1, -1, -1, -1, -1, -1, -1, -1, -1, -1, -1, -1, -1, -1, -1, -1, -1, -1, -1, -1, -1, -1, -1, -1, -1, -1, -1, -1, -1, -1, -1, -1, -1, -1, -1, -1, -1, -1, -1, -1, -1, -1, -1, -1, -1, -1, -1, -1, -1, -1, -1, -1, -1, -1, -1, -1, -1, -1, -1, -1, -1, -1, -1, -1, -1, -1, -1, -1, -1, -1, -1, -1, -1, -1, -1, -1, -1, -1, -1, -1, -1, -1, -1, -1, -1, -1, -1, -1, -1, -1, -1, -1, -1, -1, -1, -1, -1, -1, -1, -1, -1, -1, -1, -1, -1, -1, -1, -1, -1, -1, -1, -1, -1, -1, -1, -1, -1, -1, -1, -1, -1, -1, -1, -1, -1, -1, -1, -1, -1, -1, -1, -1, -1, -1, -1, -1, -1, -1, -1, -1, -1, -1, -1, -1, -1, -1, -1, -1, -1, -1, -1, -1, -1, -1, -1, -1, -1, -1, -1, -1, -1, -1, -1, -1, -1, -1, -1, -1, -1, -1, -1, -1, -1, -1, -1, -1, -1, -1, -1, -1, -1, -1, -1, -1, -1, -1, -1, -1, -1, -1, -1, -1, -1, -1, -1, -1, -1, -1, -1]"
35,"[119.0, 104.0, 97.0, 116.0, 32.0, 104.0, 97.0, 112.0, 112.0, 101.0, 110.0, 101.0, 100.0, 32.0, 116.0, 104.0, 105.0, 115.0, 32.0, 119.0, 101.0, 101.0, 107.0, 32.0, 116.0, 104.0, 97.0, 116.0, 32.0, 109.0, 97.0, 100.0, 101.0, 32.0, 121.0, 111.0, 117.0, 32.0, 114.0, 101.0, 97.0, 108.0, 108.0, 121.0, 32.0, 104.0, 97.0, 112.0, 112.0, 121.0, 63.0, -1, -1, -1, -1, -1, -1, -1, -1, -1, -1, -1, -1, -1, -1, -1, -1, -1, -1, -1, -1, -1, -1, -1, -1, -1, -1, -1, -1, -1, -1, -1, -1, -1, -1, -1, -1, -1, -1, -1, -1, -1, -1, -1, -1, -1, -1, -1, -1, -1, -1, -1, -1, -1, -1, -1, -1, -1, -1, -1, -1, -1, -1, -1, -1, -1, -1, -1, -1, -1, -1, -1, -1, -1, -1, -1, -1, -1, -1, -1, -1, -1, -1, -1, -1, -1, -1, -1, -1, -1, -1, -1, -1, -1, -1, -1, -1, -1, -1, -1, -1, -1, -1, -1, -1, -1, -1, -1, -1, -1, -1, -1, -1, -1, -1, -1, -1, -1, -1, -1, -1, -1, -1, -1, -1, -1, -1, -1, -1, -1, -1, -1, -1, -1, -1, -1, -1, -1, -1, -1, -1, -1, -1, -1, -1, -1, -1, -1, -1, -1, -1, -1, -1, -1, -1, -1, -1, -1, -1, -1, -1, -1, -1, -1, -1, -1, -1, -1, -1, -1, -1, -1, -1, -1, -1, -1, -1, -1, -1, -1, -1, -1, -1, -1, -1, -1, -1, -1, -1, -1, -1, -1, -1, -1, -1, -1, -1, -1, -1, -1, -1, -1, -1, -1, -1, -1, -1, -1, -1, -1, -1, -1, -1, -1, -1, -1, -1, -1, -1, -1, -1, -1, -1, -1, -1, -1, -1, -1, -1, -1, -1, -1, -1, -1, -1, -1, -1, -1, -1, -1, -1, -1, -1, -1, -1, -1, -1, -1, -1, -1, -1, -1, -1, -1, -1, -1, -1, -1, -1, -1, -1, -1]"
36,"[105.0, 32.0, 116.0, 104.0, 105.0, 110.0, 107.0, 32.0, 116.0, 104.0, 101.0, 32.0, 119.0, 105.0, 110.0, 110.0, 101.0, 114.0, 32.0, 105.0, 115.0, 32.0, 99.0, 108.0, 101.0, 97.0, 114.0, -1, -1, -1, -1, -1, -1, -1, -1, -1, -1, -1, -1, -1, -1, -1, -1, -1, -1, -1, -1, -1, -1, -1, -1, -1, -1, -1, -1, -1, -1, -1, -1, -1, -1, -1, -1, -1, -1, -1, -1, -1, -1, -1, -1, -1, -1, -1, -1, -1, -1, -1, -1, -1, -1, -1, -1, -1, -1, -1, -1, -1, -1, -1, -1, -1, -1, -1, -1, -1, -1, -1, -1, -1, -1, -1, -1, -1, -1, -1, -1, -1, -1, -1, -1, -1, -1, -1, -1, -1, -1, -1, -1, -1, -1, -1, -1, -1, -1, -1, -1, -1, -1, -1, -1, -1, -1, -1, -1, -1, -1, -1, -1, -1, -1, -1, -1, -1, -1, -1, -1, -1, -1, -1, -1, -1, -1, -1, -1, -1, -1, -1, -1, -1, -1, -1, -1, -1, -1, -1, -1, -1, -1, -1, -1, -1, -1, -1, -1, -1, -1, -1, -1, -1, -1, -1, -1, -1, -1, -1, -1, -1, -1, -1, -1, -1, -1, -1, -1, -1, -1, -1, -1, -1, -1, -1, -1, -1, -1, -1, -1, -1, -1, -1, -1, -1, -1, -1, -1, -1, -1, -1, -1, -1, -1, -1, -1, -1, -1, -1, -1, -1, -1, -1, -1, -1, -1, -1, -1, -1, -1, -1, -1, -1, -1, -1, -1, -1, -1, -1, -1, -1, -1, -1, -1, -1, -1, -1, -1, -1, -1, -1, -1, -1, -1, -1, -1, -1, -1, -1, -1, -1, -1, -1, -1, -1, -1, -1, -1, -1, -1, -1, -1, -1, -1, -1, -1, -1, -1, -1, -1, -1, -1, -1, -1, -1, -1, -1, -1, -1, -1, -1, -1, -1, -1, -1, -1, -1, -1, -1, -1, -1, -1, -1, -1, -1]"
37,"[107.0, 117.0, 114.0, 100.0, 105.0, 115.0, 104.0, 32.0, 109.0, 97.0, 110.0, 32.0, 108.0, 121.0, 110.0, 99.0, 104.0, 101.0, 100.0, 32.0, 102.0, 111.0, 114.0, 32.0, 115.0, 112.0, 101.0, 97.0, 107.0, 105.0, 110.0, 103.0, 32.0, 107.0, 117.0, 114.0, 100.0, 105.0, 115.0, 104.0, 32.0, 105.0, 110.0, 32.0, 116.0, 117.0, 114.0, 107.0, 101.0, 121.0, -1, -1, -1, -1, -1, -1, -1, -1, -1, -1, -1, -1, -1, -1, -1, -1, -1, -1, -1, -1, -1, -1, -1, -1, -1, -1, -1, -1, -1, -1, -1, -1, -1, -1, -1, -1, -1, -1, -1, -1, -1, -1, -1, -1, -1, -1, -1, -1, -1, -1, -1, -1, -1, -1, -1, -1, -1, -1, -1, -1, -1, -1, -1, -1, -1, -1, -1, -1, -1, -1, -1, -1, -1, -1, -1, -1, -1, -1, -1, -1, -1, -1, -1, -1, -1, -1, -1, -1, -1, -1, -1, -1, -1, -1, -1, -1, -1, -1, -1, -1, -1, -1, -1, -1, -1, -1, -1, -1, -1, -1, -1, -1, -1, -1, -1, -1, -1, -1, -1, -1, -1, -1, -1, -1, -1, -1, -1, -1, -1, -1, -1, -1, -1, -1, -1, -1, -1, -1, -1, -1, -1, -1, -1, -1, -1, -1, -1, -1, -1, -1, -1, -1, -1, -1, -1, -1, -1, -1, -1, -1, -1, -1, -1, -1, -1, -1, -1, -1, -1, -1, -1, -1, -1, -1, -1, -1, -1, -1, -1, -1, -1, -1, -1, -1, -1, -1, -1, -1, -1, -1, -1, -1, -1, -1, -1, -1, -1, -1, -1, -1, -1, -1, -1, -1, -1, -1, -1, -1, -1, -1, -1, -1, -1, -1, -1, -1, -1, -1, -1, -1, -1, -1, -1, -1, -1, -1, -1, -1, -1, -1, -1, -1, -1, -1, -1, -1, -1, -1, -1, -1, -1, -1, -1, -1, -1, -1, -1, -1, -1, -1, -1, -1, -1, -1, -1, -1, -1, -1, -1, -1, -1, -1]"
38,"[36.0, 116.0, 115.0, 108.0, 97.0, 32.0, 104.0, 111.0, 119.0, 32.0, 108.0, 111.0, 119.0, 32.0, 99.0, 97.0, 110.0, 32.0, 121.0, 111.0, 117.0, 32.0, 103.0, 111.0, 63.0, -1, -1, -1, -1, -1, -1, -1, -1, -1, -1, -1, -1, -1, -1, -1, -1, -1, -1, -1, -1, -1, -1, -1, -1, -1, -1, -1, -1, -1, -1, -1, -1, -1, -1, -1, -1, -1, -1, -1, -1, -1, -1, -1, -1, -1, -1, -1, -1, -1, -1, -1, -1, -1, -1, -1, -1, -1, -1, -1, -1, -1, -1, -1, -1, -1, -1, -1, -1, -1, -1, -1, -1, -1, -1, -1, -1, -1, -1, -1, -1, -1, -1, -1, -1, -1, -1, -1, -1, -1, -1, -1, -1, -1, -1, -1, -1, -1, -1, -1, -1, -1, -1, -1, -1, -1, -1, -1, -1, -1, -1, -1, -1, -1, -1, -1, -1, -1, -1, -1, -1, -1, -1, -1, -1, -1, -1, -1, -1, -1, -1, -1, -1, -1, -1, -1, -1, -1, -1, -1, -1, -1, -1, -1, -1, -1, -1, -1, -1, -1, -1, -1, -1, -1, -1, -1, -1, -1, -1, -1, -1, -1, -1, -1, -1, -1, -1, -1, -1, -1, -1, -1, -1, -1, -1, -1, -1, -1, -1, -1, -1, -1, -1, -1, -1, -1, -1, -1, -1, -1, -1, -1, -1, -1, -1, -1, -1, -1, -1, -1, -1, -1, -1, -1, -1, -1, -1, -1, -1, -1, -1, -1, -1, -1, -1, -1, -1, -1, -1, -1, -1, -1, -1, -1, -1, -1, -1, -1, -1, -1, -1, -1, -1, -1, -1, -1, -1, -1, -1, -1, -1, -1, -1, -1, -1, -1, -1, -1, -1, -1, -1, -1, -1, -1, -1, -1, -1, -1, -1, -1, -1, -1, -1, -1, -1, -1, -1, -1, -1, -1, -1, -1, -1, -1, -1, -1, -1, -1, -1, -1, -1, -1, -1, -1, -1, -1, -1, -1]"
39,"[114.0, 117.0, 115.0, 115.0, 105.0, 97.0, 32.0, 105.0, 115.0, 32.0, 116.0, 104.0, 101.0, 32.0, 111.0, 110.0, 108.0, 121.0, 32.0, 119.0, 105.0, 110.0, 110.0, 101.0, 114.0, 32.0, 105.0, 110.0, 32.0, 115.0, 121.0, 114.0, 105.0, 97.0, -1, -1, -1, -1, -1, -1, -1, -1, -1, -1, -1, -1, -1, -1, -1, -1, -1, -1, -1, -1, -1, -1, -1, -1, -1, -1, -1, -1, -1, -1, -1, -1, -1, -1, -1, -1, -1, -1, -1, -1, -1, -1, -1, -1, -1, -1, -1, -1, -1, -1, -1, -1, -1, -1, -1, -1, -1, -1, -1, -1, -1, -1, -1, -1, -1, -1, -1, -1, -1, -1, -1, -1, -1, -1, -1, -1, -1, -1, -1, -1, -1, -1, -1, -1, -1, -1, -1, -1, -1, -1, -1, -1, -1, -1, -1, -1, -1, -1, -1, -1, -1, -1, -1, -1, -1, -1, -1, -1, -1, -1, -1, -1, -1, -1, -1, -1, -1, -1, -1, -1, -1, -1, -1, -1, -1, -1, -1, -1, -1, -1, -1, -1, -1, -1, -1, -1, -1, -1, -1, -1, -1, -1, -1, -1, -1, -1, -1, -1, -1, -1, -1, -1, -1, -1, -1, -1, -1, -1, -1, -1, -1, -1, -1, -1, -1, -1, -1, -1, -1, -1, -1, -1, -1, -1, -1, -1, -1, -1, -1, -1, -1, -1, -1, -1, -1, -1, -1, -1, -1, -1, -1, -1, -1, -1, -1, -1, -1, -1, -1, -1, -1, -1, -1, -1, -1, -1, -1, -1, -1, -1, -1, -1, -1, -1, -1, -1, -1, -1, -1, -1, -1, -1, -1, -1, -1, -1, -1, -1, -1, -1, -1, -1, -1, -1, -1, -1, -1, -1, -1, -1, -1, -1, -1, -1, -1, -1, -1, -1, -1, -1, -1, -1, -1, -1, -1, -1, -1, -1, -1, -1, -1, -1, -1, -1, -1, -1, -1, -1, -1, -1, -1, -1, -1, -1, -1, -1, -1, -1]"
40,"[111.0, 117.0, 114.0, 32.0, 99.0, 111.0, 109.0, 109.0, 97.0, 110.0, 100.0, 101.0, 114.0, 32.0, 105.0, 110.0, 32.0, 99.0, 104.0, 105.0, 101.0, 102.0, 32.0, 105.0, 115.0, 32.0, 97.0, 32.0, 112.0, 101.0, 116.0, 117.0, 108.0, 97.0, 110.0, 116.0, 32.0, 108.0, 105.0, 116.0, 116.0, 108.0, 101.0, 32.0, 99.0, 104.0, 105.0, 108.0, 100.0, 44.0, 32.0, 97.0, 110.0, 100.0, 32.0, 116.0, 104.0, 101.0, 32.0, 98.0, 97.0, 100.0, 32.0, 103.0, 117.0, 121.0, 115.0, 32.0, 111.0, 102.0, 32.0, 116.0, 104.0, 101.0, 32.0, 119.0, 111.0, 114.0, 108.0, 100.0, 32.0, 104.0, 97.0, 118.0, 101.0, 32.0, 104.0, 105.0, 115.0, 32.0, 110.0, 117.0, 109.0, 98.0, 101.0, 114.0, 32.0, 45.0, 32.0, 116.0, 104.0, 101.0, 32.0, 104.0, 117.0, 109.0, 105.0, 108.0, 105.0, 97.0, 116.0, 105.0, 111.0, 110.0, 115.0, 32.0, 109.0, 111.0, 117.0, 110.0, 116.0, 44.0, 32.0, 97.0, 110.0, 100.0, 32.0, 121.0, 111.0, 117.0, 32.0, 99.0, 97.0, 110.0, 32.0, 104.0, 101.0, 97.0, 114.0, 32.0, 116.0, 104.0, 101.0, 32.0, 108.0, 97.0, 117.0, 103.0, 104.0, 116.0, 101.0, 114.0, 32.0, 102.0, 114.0, 111.0, 109.0, 32.0, 112.0, 121.0, 111.0, 110.0, 103.0, 121.0, 97.0, 110.0, 103.0, 32.0, 116.0, 111.0, 32.0, 97.0, 110.0, 107.0, 97.0, 114.0, 97.0, 32.0, 116.0, 111.0, 32.0, 116.0, 101.0, 104.0, 114.0, 97.0, 110.0, 46.0, 32.0, 116.0, 114.0, 117.0, 109.0, 112.0, 32.0, 105.0, 115.0, 110.0, -1.0, 116.0, 32.0, 116.0, 104.0, 101.0, 105.0, 114.0, 32.0, 98.0, 111.0, 115.0, 115.0, 46.0, 32.0, 104.0, 101.0, -1.0, 115.0, 32.0, 116.0, 104.0, 101.0, 105.0, 114.0, 32.0, 98.0, 105.0, 116.0, 99.0, 104.0, 46.0, -1, -1, -1, -1, -1, -1, -1, -1, -1, -1, -1, -1, -1, -1, -1, -1, -1, -1, -1, -1, -1, -1, -1, -1, -1, -1, -1, -1, -1, -1, -1, -1, -1, -1, -1, -1, -1, -1, -1, -1, -1, -1, -1, -1, -1, -1, -1, -1, -1, -1, -1, -1, -1, -1, -1, -1, -1, -1, -1, -1, -1, -1, -1, -1, -1, -1, -1, -1, -1, -1, -1, -1, -1, -1, -1, -1, -1, -1, -1, -1, -1, -1]"
41,"[97.0, 119.0, 101.0, 115.0, 111.0, 109.0, 101.0, 32.0, 97.0, 114.0, 116.0, 32.0, 105.0, 32.0, 102.0, 111.0, 117.0, 110.0, 100.0, 32.0, 111.0, 110.0, 32.0, 105.0, 103.0, 32.0, 40.0, 64.0, 103.0, 101.0, 100.0, 111.0, 103.0, 102.0, 120.0, 41.0, 32.0, 91.0, 101.0, 116.0, 101.0, 114.0, 110.0, 97.0, 108.0, 32.0, 115.0, 117.0, 110.0, 115.0, 104.0, 105.0, 110.0, 101.0, 32.0, 111.0, 102.0, 32.0, 115.0, 112.0, 111.0, 116.0, 108.0, 101.0, 115.0, 115.0, 32.0, 109.0, 105.0, 110.0, 100.0, 93.0, -1, -1, -1, -1, -1, -1, -1, -1, -1, -1, -1, -1, -1, -1, -1, -1, -1, -1, -1, -1, -1, -1, -1, -1, -1, -1, -1, -1, -1, -1, -1, -1, -1, -1, -1, -1, -1, -1, -1, -1, -1, -1, -1, -1, -1, -1, -1, -1, -1, -1, -1, -1, -1, -1, -1, -1, -1, -1, -1, -1, -1, -1, -1, -1, -1, -1, -1, -1, -1, -1, -1, -1, -1, -1, -1, -1, -1, -1, -1, -1, -1, -1, -1, -1, -1, -1, -1, -1, -1, -1, -1, -1, -1, -1, -1, -1, -1, -1, -1, -1, -1, -1, -1, -1, -1, -1, -1, -1, -1, -1, -1, -1, -1, -1, -1, -1, -1, -1, -1, -1, -1, -1, -1, -1, -1, -1, -1, -1, -1, -1, -1, -1, -1, -1, -1, -1, -1, -1, -1, -1, -1, -1, -1, -1, -1, -1, -1, -1, -1, -1, -1, -1, -1, -1, -1, -1, -1, -1, -1, -1, -1, -1, -1, -1, -1, -1, -1, -1, -1, -1, -1, -1, -1, -1, -1, -1, -1, -1, -1, -1, -1, -1, -1, -1, -1, -1, -1, -1, -1, -1, -1, -1, -1, -1, -1, -1, -1, -1, -1, -1, -1, -1, -1, -1, -1, -1, -1, -1, -1, -1, -1, -1, -1, -1, -1, -1, -1, -1, -1, -1, -1, -1, -1, -1, -1, -1, -1, -1, -1, -1, -1, -1, -1, -1, -1, -1, -1, -1, -1, -1]"
42,"[119.0, 104.0, 101.0, 110.0, 32.0, 115.0, 101.0, 97.0, 115.0, 111.0, 110.0, 32.0, 56.0, 32.0, 100.0, 105.0, 101.0, 100.0, 32.0, 116.0, 111.0, 32.0, 115.0, 97.0, 118.0, 101.0, 32.0, 115.0, 116.0, 97.0, 114.0, 32.0, 119.0, 97.0, 114.0, 115.0, -1, -1, -1, -1, -1, -1, -1, -1, -1, -1, -1, -1, -1, -1, -1, -1, -1, -1, -1, -1, -1, -1, -1, -1, -1, -1, -1, -1, -1, -1, -1, -1, -1, -1, -1, -1, -1, -1, -1, -1, -1, -1, -1, -1, -1, -1, -1, -1, -1, -1, -1, -1, -1, -1, -1, -1, -1, -1, -1, -1, -1, -1, -1, -1, -1, -1, -1, -1, -1, -1, -1, -1, -1, -1, -1, -1, -1, -1, -1, -1, -1, -1, -1, -1, -1, -1, -1, -1, -1, -1, -1, -1, -1, -1, -1, -1, -1, -1, -1, -1, -1, -1, -1, -1, -1, -1, -1, -1, -1, -1, -1, -1, -1, -1, -1, -1, -1, -1, -1, -1, -1, -1, -1, -1, -1, -1, -1, -1, -1, -1, -1, -1, -1, -1, -1, -1, -1, -1, -1, -1, -1, -1, -1, -1, -1, -1, -1, -1, -1, -1, -1, -1, -1, -1, -1, -1, -1, -1, -1, -1, -1, -1, -1, -1, -1, -1, -1, -1, -1, -1, -1, -1, -1, -1, -1, -1, -1, -1, -1, -1, -1, -1, -1, -1, -1, -1, -1, -1, -1, -1, -1, -1, -1, -1, -1, -1, -1, -1, -1, -1, -1, -1, -1, -1, -1, -1, -1, -1, -1, -1, -1, -1, -1, -1, -1, -1, -1, -1, -1, -1, -1, -1, -1, -1, -1, -1, -1, -1, -1, -1, -1, -1, -1, -1, -1, -1, -1, -1, -1, -1, -1, -1, -1, -1, -1, -1, -1, -1, -1, -1, -1, -1, -1, -1, -1, -1, -1, -1, -1, -1, -1, -1, -1, -1, -1, -1, -1, -1, -1, -1, -1, -1, -1, -1, -1, -1]"
43,"[105.0, 99.0, 101.0, 32.0, 115.0, 104.0, 101.0, 101.0, 116.0, 32.0, 104.0, 101.0, 108.0, 100.0, 32.0, 117.0, 112.0, 32.0, 98.0, 121.0, 32.0, 97.0, 32.0, 115.0, 101.0, 114.0, 105.0, 101.0, 115.0, 32.0, 111.0, 102.0, 32.0, 115.0, 109.0, 97.0, 108.0, 108.0, 44.0, 32.0, 100.0, 101.0, 97.0, 100.0, 32.0, 115.0, 116.0, 117.0, 109.0, 112.0, 115.0, 46.0, -1, -1, -1, -1, -1, -1, -1, -1, -1, -1, -1, -1, -1, -1, -1, -1, -1, -1, -1, -1, -1, -1, -1, -1, -1, -1, -1, -1, -1, -1, -1, -1, -1, -1, -1, -1, -1, -1, -1, -1, -1, -1, -1, -1, -1, -1, -1, -1, -1, -1, -1, -1, -1, -1, -1, -1, -1, -1, -1, -1, -1, -1, -1, -1, -1, -1, -1, -1, -1, -1, -1, -1, -1, -1, -1, -1, -1, -1, -1, -1, -1, -1, -1, -1, -1, -1, -1, -1, -1, -1, -1, -1, -1, -1, -1, -1, -1, -1, -1, -1, -1, -1, -1, -1, -1, -1, -1, -1, -1, -1, -1, -1, -1, -1, -1, -1, -1, -1, -1, -1, -1, -1, -1, -1, -1, -1, -1, -1, -1, -1, -1, -1, -1, -1, -1, -1, -1, -1, -1, -1, -1, -1, -1, -1, -1, -1, -1, -1, -1, -1, -1, -1, -1, -1, -1, -1, -1, -1, -1, -1, -1, -1, -1, -1, -1, -1, -1, -1, -1, -1, -1, -1, -1, -1, -1, -1, -1, -1, -1, -1, -1, -1, -1, -1, -1, -1, -1, -1, -1, -1, -1, -1, -1, -1, -1, -1, -1, -1, -1, -1, -1, -1, -1, -1, -1, -1, -1, -1, -1, -1, -1, -1, -1, -1, -1, -1, -1, -1, -1, -1, -1, -1, -1, -1, -1, -1, -1, -1, -1, -1, -1, -1, -1, -1, -1, -1, -1, -1, -1, -1, -1, -1, -1, -1, -1, -1, -1, -1, -1, -1, -1, -1, -1, -1, -1, -1, -1, -1, -1, -1]"
44,"[119.0, 104.0, 121.0, 32.0, 105.0, 115.0, 32.0, 116.0, 104.0, 105.0, 115.0, 32.0, 103.0, 117.0, 121.0, 32.0, 40.0, 50.0, 50.0, 109.0, 41.0, 32.0, 115.0, 111.0, 32.0, 117.0, 112.0, 115.0, 101.0, 116.0, 32.0, 97.0, 98.0, 111.0, 117.0, 116.0, 32.0, 109.0, 121.0, 32.0, 40.0, 50.0, 51.0, 102.0, 41.0, 32.0, 115.0, 101.0, 120.0, 117.0, 97.0, 108.0, 32.0, 104.0, 105.0, 115.0, 116.0, 111.0, 114.0, 121.0, 63.0, -1, -1, -1, -1, -1, -1, -1, -1, -1, -1, -1, -1, -1, -1, -1, -1, -1, -1, -1, -1, -1, -1, -1, -1, -1, -1, -1, -1, -1, -1, -1, -1, -1, -1, -1, -1, -1, -1, -1, -1, -1, -1, -1, -1, -1, -1, -1, -1, -1, -1, -1, -1, -1, -1, -1, -1, -1, -1, -1, -1, -1, -1, -1, -1, -1, -1, -1, -1, -1, -1, -1, -1, -1, -1, -1, -1, -1, -1, -1, -1, -1, -1, -1, -1, -1, -1, -1, -1, -1, -1, -1, -1, -1, -1, -1, -1, -1, -1, -1, -1, -1, -1, -1, -1, -1, -1, -1, -1, -1, -1, -1, -1, -1, -1, -1, -1, -1, -1, -1, -1, -1, -1, -1, -1, -1, -1, -1, -1, -1, -1, -1, -1, -1, -1, -1, -1, -1, -1, -1, -1, -1, -1, -1, -1, -1, -1, -1, -1, -1, -1, -1, -1, -1, -1, -1, -1, -1, -1, -1, -1, -1, -1, -1, -1, -1, -1, -1, -1, -1, -1, -1, -1, -1, -1, -1, -1, -1, -1, -1, -1, -1, -1, -1, -1, -1, -1, -1, -1, -1, -1, -1, -1, -1, -1, -1, -1, -1, -1, -1, -1, -1, -1, -1, -1, -1, -1, -1, -1, -1, -1, -1, -1, -1, -1, -1, -1, -1, -1, -1, -1, -1, -1, -1, -1, -1, -1, -1, -1, -1, -1, -1, -1, -1, -1, -1, -1, -1, -1, -1, -1, -1, -1, -1, -1, -1, -1, -1, -1, -1, -1, -1]"
45,"[108.0, 112.0, 116.0, 58.0, 32.0, 105.0, 102.0, 32.0, 121.0, 111.0, 117.0, 32.0, 110.0, 101.0, 101.0, 100.0, 32.0, 97.0, 32.0, 109.0, 101.0, 97.0, 108.0, 32.0, 98.0, 117.0, 116.0, 32.0, 100.0, 111.0, 110.0, 116.0, 32.0, 119.0, 97.0, 110.0, 116.0, 32.0, 116.0, 111.0, 32.0, 98.0, 101.0, 103.0, 44.0, 32.0, 118.0, 111.0, 108.0, 117.0, 110.0, 116.0, 101.0, 101.0, 114.0, 32.0, 102.0, 111.0, 114.0, 32.0, 97.0, 32.0, 109.0, 101.0, 97.0, 108.0, 32.0, 115.0, 104.0, 105.0, 102.0, 116.0, 32.0, 97.0, 116.0, 32.0, 97.0, 32.0, 115.0, 104.0, 101.0, 108.0, 116.0, 101.0, 114.0, 32.0, 111.0, 114.0, 32.0, 99.0, 104.0, 105.0, 114.0, 99.0, 104.0, 33.0, -1, -1, -1, -1, -1, -1, -1, -1, -1, -1, -1, -1, -1, -1, -1, -1, -1, -1, -1, -1, -1, -1, -1, -1, -1, -1, -1, -1, -1, -1, -1, -1, -1, -1, -1, -1, -1, -1, -1, -1, -1, -1, -1, -1, -1, -1, -1, -1, -1, -1, -1, -1, -1, -1, -1, -1, -1, -1, -1, -1, -1, -1, -1, -1, -1, -1, -1, -1, -1, -1, -1, -1, -1, -1, -1, -1, -1, -1, -1, -1, -1, -1, -1, -1, -1, -1, -1, -1, -1, -1, -1, -1, -1, -1, -1, -1, -1, -1, -1, -1, -1, -1, -1, -1, -1, -1, -1, -1, -1, -1, -1, -1, -1, -1, -1, -1, -1, -1, -1, -1, -1, -1, -1, -1, -1, -1, -1, -1, -1, -1, -1, -1, -1, -1, -1, -1, -1, -1, -1, -1, -1, -1, -1, -1, -1, -1, -1, -1, -1, -1, -1, -1, -1, -1, -1, -1, -1, -1, -1, -1, -1, -1, -1, -1, -1, -1, -1, -1, -1, -1, -1, -1, -1, -1, -1, -1, -1, -1, -1, -1, -1, -1, -1, -1, -1, -1, -1, -1, -1, -1, -1, -1, -1, -1, -1, -1, -1, -1, -1, -1, -1, -1, -1, -1, -1, -1, -1, -1, -1, -1, -1, -1, -1, -1, -1, -1]"
46,"[97.0, 105.0, 116.0, 97.0, 32.0, 91.0, 49.0, 54.0, 102.0, 93.0, 32.0, 102.0, 111.0, 114.0, 32.0, 119.0, 97.0, 110.0, 116.0, 105.0, 110.0, 103.0, 32.0, 109.0, 121.0, 32.0, 111.0, 119.0, 110.0, 32.0, 112.0, 114.0, 105.0, 118.0, 97.0, 99.0, 121.0, 47.0, 119.0, 97.0, 110.0, 116.0, 105.0, 110.0, 103.0, 32.0, 109.0, 121.0, 32.0, 111.0, 119.0, 110.0, 32.0, 114.0, 111.0, 111.0, 109.0, 63.0, -1, -1, -1, -1, -1, -1, -1, -1, -1, -1, -1, -1, -1, -1, -1, -1, -1, -1, -1, -1, -1, -1, -1, -1, -1, -1, -1, -1, -1, -1, -1, -1, -1, -1, -1, -1, -1, -1, -1, -1, -1, -1, -1, -1, -1, -1, -1, -1, -1, -1, -1, -1, -1, -1, -1, -1, -1, -1, -1, -1, -1, -1, -1, -1, -1, -1, -1, -1, -1, -1, -1, -1, -1, -1, -1, -1, -1, -1, -1, -1, -1, -1, -1, -1, -1, -1, -1, -1, -1, -1, -1, -1, -1, -1, -1, -1, -1, -1, -1, -1, -1, -1, -1, -1, -1, -1, -1, -1, -1, -1, -1, -1, -1, -1, -1, -1, -1, -1, -1, -1, -1, -1, -1, -1, -1, -1, -1, -1, -1, -1, -1, -1, -1, -1, -1, -1, -1, -1, -1, -1, -1, -1, -1, -1, -1, -1, -1, -1, -1, -1, -1, -1, -1, -1, -1, -1, -1, -1, -1, -1, -1, -1, -1, -1, -1, -1, -1, -1, -1, -1, -1, -1, -1, -1, -1, -1, -1, -1, -1, -1, -1, -1, -1, -1, -1, -1, -1, -1, -1, -1, -1, -1, -1, -1, -1, -1, -1, -1, -1, -1, -1, -1, -1, -1, -1, -1, -1, -1, -1, -1, -1, -1, -1, -1, -1, -1, -1, -1, -1, -1, -1, -1, -1, -1, -1, -1, -1, -1, -1, -1, -1, -1, -1, -1, -1, -1, -1, -1, -1, -1, -1, -1, -1, -1, -1, -1, -1, -1, -1, -1, -1, -1, -1, -1]"
47,"[108.0, 112.0, 116.0, 58.0, 32.0, 105.0, 102.0, 32.0, 121.0, 111.0, 117.0, 114.0, 32.0, 102.0, 114.0, 105.0, 101.0, 110.0, 100.0, 32.0, 111.0, 119.0, 110.0, 115.0, 32.0, 97.0, 32.0, 98.0, 117.0, 115.0, 105.0, 110.0, 101.0, 115.0, 115.0, 44.0, 32.0, 100.0, 111.0, 110.0, 39.0, 116.0, 32.0, 97.0, 115.0, 107.0, 32.0, 102.0, 111.0, 114.0, 32.0, 97.0, 32.0, 102.0, 114.0, 105.0, 101.0, 110.0, 100.0, 32.0, 100.0, 105.0, 115.0, 99.0, 111.0, 117.0, 110.0, 116.0, 32.0, 111.0, 114.0, 32.0, 102.0, 111.0, 114.0, 32.0, 115.0, 111.0, 109.0, 101.0, 32.0, 102.0, 114.0, 101.0, 101.0, 32.0, 112.0, 114.0, 111.0, 100.0, 117.0, 99.0, 116.0, 115.0, 44.0, 32.0, 97.0, 32.0, 103.0, 114.0, 101.0, 97.0, 116.0, 32.0, 102.0, 114.0, 105.0, 101.0, 110.0, 100.0, 32.0, 105.0, 115.0, 32.0, 111.0, 110.0, 101.0, 32.0, 116.0, 104.0, 97.0, 116.0, 32.0, 112.0, 97.0, 121.0, 115.0, 32.0, 102.0, 117.0, 108.0, 108.0, 32.0, 112.0, 114.0, 105.0, 99.0, 101.0, 32.0, 116.0, 111.0, 32.0, 115.0, 117.0, 112.0, 112.0, 111.0, 114.0, 116.0, 32.0, 116.0, 104.0, 101.0, 105.0, 114.0, 32.0, 102.0, 114.0, 105.0, 101.0, 110.0, 100.0, -1, -1, -1, -1, -1, -1, -1, -1, -1, -1, -1, -1, -1, -1, -1, -1, -1, -1, -1, -1, -1, -1, -1, -1, -1, -1, -1, -1, -1, -1, -1, -1, -1, -1, -1, -1, -1, -1, -1, -1, -1, -1, -1, -1, -1, -1, -1, -1, -1, -1, -1, -1, -1, -1, -1, -1, -1, -1, -1, -1, -1, -1, -1, -1, -1, -1, -1, -1, -1, -1, -1, -1, -1, -1, -1, -1, -1, -1, -1, -1, -1, -1, -1, -1, -1, -1, -1, -1, -1, -1, -1, -1, -1, -1, -1, -1, -1, -1, -1, -1, -1, -1, -1, -1, -1, -1, -1, -1, -1, -1, -1, -1, -1, -1, -1, -1, -1, -1, -1, -1, -1, -1, -1, -1, -1, -1, -1, -1, -1, -1, -1, -1, -1, -1, -1, -1, -1, -1, -1, -1, -1, -1, -1, -1, -1, -1, -1, -1, -1, -1]"
48,"[91.0, 100.0, 105.0, 97.0, 110.0, 110.0, 97.0, 93.0, 32.0, 110.0, 111.0, 32.0, 115.0, 97.0, 105.0, 110.0, 116.0, 115.0, 32.0, 113.0, 98.0, 32.0, 100.0, 114.0, 101.0, 119.0, 32.0, 98.0, 114.0, 101.0, 101.0, 115.0, 32.0, 105.0, 110.0, 32.0, 115.0, 101.0, 97.0, 116.0, 116.0, 108.0, 101.0, 32.0, 116.0, 111.0, 100.0, 97.0, 121.0, 46.0, 32.0, 105.0, -1.0, 109.0, 32.0, 116.0, 111.0, 108.0, 100.0, 32.0, 104.0, 101.0, 32.0, 114.0, 101.0, 97.0, 108.0, 108.0, 121.0, 32.0, 119.0, 97.0, 110.0, 116.0, 101.0, 100.0, 32.0, 116.0, 111.0, 32.0, 98.0, 101.0, 32.0, 104.0, 101.0, 114.0, 101.0, 32.0, 102.0, 111.0, 114.0, 32.0, 116.0, 104.0, 101.0, 32.0, 103.0, 97.0, 109.0, 101.0, 32.0, 98.0, 117.0, 116.0, 32.0, 104.0, 101.0, 32.0, 105.0, 115.0, 32.0, 97.0, 103.0, 103.0, 114.0, 101.0, 115.0, 115.0, 105.0, 118.0, 101.0, 108.0, 121.0, 32.0, 114.0, 101.0, 104.0, 97.0, 98.0, 98.0, 105.0, 110.0, 103.0, 32.0, 104.0, 105.0, 115.0, 32.0, 116.0, 104.0, 117.0, 109.0, 98.0, 46.0, 32.0, 104.0, 101.0, 32.0, 119.0, 105.0, 108.0, 108.0, 32.0, 98.0, 101.0, 32.0, 119.0, 97.0, 116.0, 99.0, 104.0, 105.0, 110.0, 103.0, 32.0, 111.0, 110.0, 32.0, 116.0, 118.0, 46.0, -1, -1, -1, -1, -1, -1, -1, -1, -1, -1, -1, -1, -1, -1, -1, -1, -1, -1, -1, -1, -1, -1, -1, -1, -1, -1, -1, -1, -1, -1, -1, -1, -1, -1, -1, -1, -1, -1, -1, -1, -1, -1, -1, -1, -1, -1, -1, -1, -1, -1, -1, -1, -1, -1, -1, -1, -1, -1, -1, -1, -1, -1, -1, -1, -1, -1, -1, -1, -1, -1, -1, -1, -1, -1, -1, -1, -1, -1, -1, -1, -1, -1, -1, -1, -1, -1, -1, -1, -1, -1, -1, -1, -1, -1, -1, -1, -1, -1, -1, -1, -1, -1, -1, -1, -1, -1, -1, -1, -1, -1, -1, -1, -1, -1, -1, -1, -1, -1, -1, -1, -1, -1, -1, -1, -1, -1, -1, -1, -1, -1, -1, -1, -1, -1, -1, -1, -1, -1, -1, -1, -1]"
49,"[106.0, 111.0, 115.0, 105.0, 112.0, 32.0, 101.0, 108.0, 105.0, 99.0, 44.0, 32.0, 116.0, 104.0, 101.0, 32.0, 102.0, 97.0, 109.0, 105.0, 108.0, 105.0, 97.0, 114.0, 32.0, 99.0, 104.0, 97.0, 114.0, 97.0, 99.0, 116.0, 101.0, 114.0, 32.0, 97.0, 99.0, 116.0, 111.0, 114.0, 32.0, 119.0, 104.0, 111.0, 32.0, 99.0, 97.0, 114.0, 114.0, 105.0, 101.0, 100.0, 32.0, 106.0, 97.0, 99.0, 107.0, 32.0, 110.0, 105.0, 99.0, 104.0, 111.0, 108.0, 115.0, 111.0, 110.0, 32.0, 111.0, 110.0, 32.0, 104.0, 105.0, 115.0, 32.0, 115.0, 104.0, 111.0, 117.0, 108.0, 100.0, 101.0, 114.0, 115.0, 32.0, 105.0, 110.0, 32.0, 39.0, 111.0, 110.0, 101.0, 32.0, 102.0, 108.0, 101.0, 119.0, 32.0, 111.0, 118.0, 101.0, 114.0, 32.0, 116.0, 104.0, 101.0, 32.0, 99.0, 117.0, 99.0, 107.0, 111.0, 111.0, 39.0, 115.0, 32.0, 110.0, 101.0, 115.0, 116.0, 44.0, 39.0, 32.0, 104.0, 97.0, 115.0, 32.0, 100.0, 105.0, 101.0, 100.0, 32.0, 97.0, 116.0, 32.0, 97.0, 103.0, 101.0, 32.0, 57.0, 56.0, 46.0, -1, -1, -1, -1, -1, -1, -1, -1, -1, -1, -1, -1, -1, -1, -1, -1, -1, -1, -1, -1, -1, -1, -1, -1, -1, -1, -1, -1, -1, -1, -1, -1, -1, -1, -1, -1, -1, -1, -1, -1, -1, -1, -1, -1, -1, -1, -1, -1, -1, -1, -1, -1, -1, -1, -1, -1, -1, -1, -1, -1, -1, -1, -1, -1, -1, -1, -1, -1, -1, -1, -1, -1, -1, -1, -1, -1, -1, -1, -1, -1, -1, -1, -1, -1, -1, -1, -1, -1, -1, -1, -1, -1, -1, -1, -1, -1, -1, -1, -1, -1, -1, -1, -1, -1, -1, -1, -1, -1, -1, -1, -1, -1, -1, -1, -1, -1, -1, -1, -1, -1, -1, -1, -1, -1, -1, -1, -1, -1, -1, -1, -1, -1, -1, -1, -1, -1, -1, -1, -1, -1, -1, -1, -1, -1, -1, -1, -1, -1, -1, -1, -1, -1, -1, -1, -1, -1, -1, -1, -1, -1, -1, -1, -1, -1, -1, -1, -1, -1, -1, -1]"
